team,strength,matches,wins,losses,win_rate,unique_opponents,network_matches,network_component,betweenness,eigenvector,pagerank,rank,strength_gap,tier,hltv_points,cluster
Spirit,1878.12070818945,102,77,25,0.7549019607843137,7,48,1.0,0.000990395213352228,7.940986996789002e-05,0.00951121640907944,1,48.8497801923038,1,731.0,1.0
Falcons,1829.2709279971461,102,70,32,0.6862745098039216,4,37,1.0,0.0,7.552046489137404e-05,0.007416079273393717,2,1.5450349209465912,1,812.0,1.0
Vitality,1827.7258930761996,110,89,21,0.8090909090909091,10,69,1.0,0.00812470477090222,0.00010423643565474127,0.013751149190571023,3,57.509499935844815,1,668.0,1.0
FUT,1770.2163931403547,103,66,37,0.6407766990291263,3,18,1.0,0.0,1.7803342598254208e-05,0.004560467941252019,4,1.1395128001820467,1,256.0,2.0
MOUZ,1769.0768803401727,107,70,37,0.6542056074766355,7,51,1.0,0.004063926940639269,8.506714383287565e-05,0.010110453275626546,5,2.7443498700138207,1,568.0,1.0
FURIA,1766.3325304701589,124,86,38,0.6935483870967742,12,74,1.0,0.049609510313336484,9.365871400931042e-05,0.016147137076674332,6,19.026240418673524,1,669.0,1.0
9z,1747.3062900514853,111,75,36,0.6756756756756757,2,17,1.0,0.0,2.557472411522228e-07,0.0049084791742697335,7,0.7528330184297829,1,349.0,3.0
Natus Vincere,1746.5534570330556,101,62,39,0.6138613861386139,8,47,1.0,0.0036797354747283894,7.369466590959427e-05,0.009533837450524224,8,4.064646832102426,1,493.0,1.0
Legacy,1742.4888102009531,109,64,45,0.5871559633027523,2,11,1.0,0.0,4.497890691275538e-06,0.003475820548356363,9,12.318399552564188,1,278.0,2.0
G2,1730.170410648389,110,63,47,0.5727272727272728,4,28,1.0,0.0,5.7369655662410276e-05,0.005889510864216366,10,8.90717737065711,1,310.0,1.0
BetBoom,1721.2632332777318,123,82,41,0.6666666666666666,3,17,1.0,0.026830420406235237,1.0632042954421409e-06,0.008887082656951463,11,0.8728218778298924,1,243.0,4.0
BIG,1720.390411399902,119,76,43,0.6386554621848739,0,0,,0.0,0.0,0.0,12,4.077341786493889,1,163.0,
Aurora,1716.313069613408,109,61,48,0.5596330275229358,7,45,1.0,0.06022673594709495,6.545241802583528e-05,0.010064072909781455,13,0.42657049805166025,1,357.0,1.0
Alliance,1715.8864991153564,115,78,37,0.6782608695652174,3,15,7.0,0.0007557864903164856,6.562578517419086e-49,0.011148189869976757,14,0.45262013869978546,1,115.0,5.0
Imperial,1715.4338789766566,114,71,43,0.6228070175438597,7,43,1.0,0.004330026767438201,6.847486917449075e-07,0.009643142651762302,15,4.549250940827278,1,37.0,13.0
TDK,1710.8846280358293,57,41,16,0.7192982456140351,0,0,,0.0,0.0,0.0,16,11.203991073337647,1,0.0,
magic,1699.6806369624917,65,44,21,0.676923076923077,1,5,1.0,0.0,1.576297686259767e-08,0.003455838066814322,17,2.370205802747023,1,152.0,4.0
Nemesis,1697.3104311597447,105,66,39,0.6285714285714286,1,5,8.0,0.0,8.360910433107661e-55,0.00477383936030561,18,0.8892617571923438,1,78.0,6.0
Nuclear TigeRES,1696.4211694025523,111,70,41,0.6306306306306306,1,5,8.0,0.0,8.360910433107661e-55,0.00477383936030561,19,4.040884549492375,1,32.0,6.0
MIBR,1692.38028485306,113,71,42,0.6283185840707964,6,33,1.0,0.08383719099354431,7.0932456703096574e-06,0.0090971392757093,20,2.9754534288790637,1,140.0,2.0
Inner Circle,1689.4048314241809,101,57,44,0.5643564356435643,0,0,,0.0,0.0,0.0,21,6.962759014507583,1,113.0,
100 Thieves,1682.4420724096733,99,60,39,0.6060606060606061,2,12,1.0,0.0,1.3793774746880883e-05,0.003506390215701201,22,1.4084676044594744,1,95.0,1.0
The MongolZ,1681.0336048052138,102,59,43,0.5784313725490197,10,61,1.0,0.008622264210360574,8.935700421401338e-05,0.012231112575329132,23,3.316647572435386,1,276.0,1.0
Voca,1677.7169572327784,91,62,29,0.6813186813186813,6,41,2.0,0.0011336797354747283,1.1227604170531185e-19,0.013304074864102596,24,1.7764175409693053,1,21.0,12.0
THUNDER dOWNUNDER,1675.9405396918091,60,47,13,0.7833333333333333,3,28,3.0,0.0,0.24722268228224617,0.005948162771838696,25,0.46127254163047837,1,22.0,15.0
HOTU,1675.4792671501787,108,69,39,0.6388888888888888,1,6,1.0,0.0,1.4290339519885448e-07,0.0036860253779446525,26,0.3832775651646898,1,101.0,4.0
fnatic,1675.095989585014,117,66,51,0.5641025641025641,0,0,,0.0,0.0,0.0,27,2.233141023213193,1,78.0,
FaZe,1672.8628485618008,114,57,57,0.5,6,34,1.0,0.0033412061092741295,5.7665772113184394e-05,0.0070304595098935494,28,0.12462359205551365,1,362.0,1.0
Nemiga,1672.7382249697453,131,81,50,0.6183206106870229,2,10,8.0,0.0001889466225791214,1.35282372576618e-54,0.008831602816565136,29,2.9138477723272445,1,24.0,6.0
BESTIA,1669.824377197418,110,72,38,0.6545454545454545,3,18,1.0,0.0,3.1730347582751257e-07,0.004520566578827364,30,4.46428144256015,1,29.0,13.0
1win,1665.3600957548579,110,69,41,0.6272727272727273,2,10,8.0,0.0001889466225791214,1.35282372576618e-54,0.008831602816565136,31,4.600319914623242,1,57.0,6.0
GenOne,1660.7597758402346,136,78,58,0.5735294117647058,2,10,5.0,0.0013226263580538497,1.3079514193054293e-37,0.0068578314887941276,32,0.9260379444863247,1,42.0,10.0
Astralis,1659.8337378957483,105,55,50,0.5238095238095238,7,41,1.0,0.07855455833726972,3.164538197818389e-05,0.010124469615003157,33,3.017783333923944,1,305.0,2.0
Iberian Soul,1656.8159545618244,100,63,37,0.63,2,12,1.0,0.005668398677373642,2.200384429506581e-09,0.00772059134378563,34,1.3162661286562525,1,48.0,4.0
NRG,1655.499688433168,108,68,40,0.6296296296296297,4,23,2.0,0.0016060462919225318,6.940760853640046e-20,0.008239408253648148,35,1.1453244801828077,1,53.0,12.0
B8,1654.3543639529853,108,54,54,0.5,4,21,1.0,0.0006361202960163755,2.4648347462674872e-05,0.00505737962439472,36,0.344097749722323,1,209.0,1.0
LP,1654.010266203263,104,68,36,0.6538461538461539,6,39,1.0,0.006896551724137931,4.119215920966506e-07,0.009772528345945324,37,0.013248391739125509,1,20.0,13.0
Sashi,1653.9970178115238,122,68,54,0.5573770491803278,1,5,11.0,0.0,2.12554435379626e-58,0.005244431415135635,38,0.17378070167842452,1,58.0,8.0
Lynn Vision,1653.8232371098454,102,59,43,0.5784313725490197,4,28,4.0,0.002172886159659896,9.046096485209962e-22,0.011543806572486222,39,0.17802462233908045,1,86.0,7.0
ShindeN,1653.6452124875063,107,67,40,0.6261682242990654,8,44,1.0,0.04562273657691698,1.236447703866352e-06,0.01018670420122112,40,0.6740456152820116,1,22.0,13.0
K27,1652.9711668722243,114,76,38,0.6666666666666666,2,11,6.0,0.0003778932451582428,3.7039734734738813e-50,0.008432795102014425,41,0.01963496278904131,1,84.0,9.0
CYBERSHOKE,1652.9515319094353,117,63,54,0.5384615384615384,0,0,,0.0,0.0,0.0,42,0.8209171914818398,1,18.0,
PARIVISION,1652.1306147179534,108,65,43,0.6018518518518519,0,0,,0.0,0.0,0.0,43,1.1036696359665257,1,239.0,
Sharks,1651.026945081987,82,49,33,0.5975609756097561,3,22,1.0,0.0,2.8092375281385166e-07,0.006228770886751624,44,1.4490594856890766,1,0.0,3.0
INOX Division,1649.5778855962978,62,44,18,0.7096774193548387,0,0,,0.0,0.0,0.0,45,2.878474845039136,1,20.0,
M80,1646.6994107512587,108,69,39,0.6388888888888888,3,19,2.0,0.0,7.135239382936622e-20,0.006454356912055103,46,2.9987282720858275,1,75.0,12.0
TYLOO,1643.7006824791729,105,59,46,0.5619047619047619,2,15,4.0,0.0008502598016060463,3.672193102805131e-22,0.007102728451856793,47,3.878291901563898,1,117.0,7.0
JiJieHao,1639.822390577609,113,60,53,0.5309734513274337,1,5,4.0,0.0,1.7661108975687387e-22,0.0027726050123700286,48,0.23253648394211268,1,88.0,7.0
Butterfly,1639.5898540936669,19,14,5,0.7368421052631579,0,0,,0.0,0.0,0.0,49,1.4704811699934908,1,23.0,
ex-RUBY,1638.1193729236734,120,74,46,0.6166666666666667,0,0,,0.0,0.0,0.0,50,1.931005999899071,1,21.0,
EYEBALLERS,1636.1883669237743,110,70,40,0.6363636363636364,1,5,7.0,0.0,3.3136295185457376e-49,0.004179061959893985,51,1.138653345329658,1,75.0,5.0
Wildcard,1635.0497135784447,109,68,41,0.6238532110091743,3,18,2.0,0.0001889466225791214,5.545852106819081e-20,0.006448600394219971,52,4.724918664345751,1,54.0,12.0
Virtus.pro,1630.324794914099,100,49,51,0.49,3,17,1.0,0.007652338214454417,1.8824659186933623e-05,0.004425821497857286,53,1.8177495420090963,1,46.0,2.0
ODDIK,1628.5070453720898,112,70,42,0.625,9,53,1.0,0.036293497087072926,1.3877204015113877e-06,0.012895111546514482,54,1.079765236749381,1,13.0,3.0
FlyQuest,1627.4272801353404,104,57,47,0.5480769230769231,1,5,4.0,0.0,7.169390982557734e-23,0.00303283304361631,55,1.0888376217576479,1,46.0,7.0
Monte,1626.3384425135828,70,38,32,0.5428571428571428,1,7,1.0,0.0,3.450413757200715e-10,0.004850702968680761,56,0.8444234647329267,1,0.0,4.0
Ground Zero,1625.4940190488499,102,56,46,0.5490196078431373,5,66,3.0,0.0,0.486693088412015,0.013162367920525057,57,1.099005413739178,1,20.0,15.0
HEROIC,1624.3950136351107,104,52,52,0.5,3,18,1.0,0.05895134624468588,7.664970112167715e-06,0.007593949847933726,58,2.2484247256568324,1,103.0,4.0
GamerLegion,1622.1465889094538,104,53,51,0.5096153846153846,3,16,1.0,0.005668398677373642,1.6130965769856217e-05,0.005158908410654421,59,4.790692037265444,1,125.0,2.0
Marsborne,1617.3558968721884,113,72,41,0.6371681415929203,8,48,2.0,0.00935285781766651,1.2034218407632103e-19,0.01574786828330487,60,2.0760783179741793,1,14.0,12.0
Acend,1615.2798185542142,104,59,45,0.5673076923076923,0,0,,0.0,0.0,0.0,61,0.32781117235958845,1,76.0,
Ninjas in Pyjamas,1614.9520073818546,106,54,52,0.5094339622641509,2,12,1.0,0.026452527161076995,1.2177037840687405e-06,0.0059667608881446435,62,0.5783943115554848,1,128.0,4.0
CYBERSHOKE Prospects,1614.3736130702991,49,29,20,0.5918367346938775,0,0,,0.0,0.0,0.0,63,0.827108100109399,1,21.0,
Oramond,1613.5465049701897,60,36,24,0.6,0,0,,0.0,0.0,0.0,64,2.808383069752381,1,0.0,
Phantom,1610.7381219004374,107,53,54,0.4953271028037383,0,0,,0.0,0.0,0.0,65,0.8328739585215317,1,38.0,
Liquid,1609.9052479419158,114,57,57,0.5,3,17,1.0,9.44733112895607e-05,2.1066041846301355e-05,0.004453296931367095,66,0.8550117925740324,1,154.0,1.0
Eternal Fire,1609.0502361493418,120,69,51,0.575,0,0,,0.0,0.0,0.0,67,4.076605384131199,1,22.0,
Metizport,1604.9736307652106,108,54,54,0.5,2,11,7.0,0.0003778932451582428,5.2358877892311156e-49,0.008328656838887852,68,2.1217065223893314,1,18.0,5.0
Fluxo,1602.8519242428213,104,55,49,0.5288461538461539,4,24,1.0,0.0,4.0417835619141513e-07,0.005748399060417071,69,0.6413840569632612,1,35.0,13.0
Gentle Mates,1602.210540185858,71,37,34,0.5211267605633803,3,16,1.0,0.02182333490788852,1.4073225923948846e-07,0.009164248604519263,70,1.2967963711707853,1,0.0,4.0
SemperFi,1600.9137438146872,47,29,18,0.6170212765957447,4,30,3.0,0.0014170996693434106,0.25854096437644036,0.006379586272139325,71,0.23256894791779814,1,0.0,15.0
paiN,1600.6811748667694,105,52,53,0.49523809523809526,5,28,1.0,0.0038261691072272084,3.447141416239063e-05,0.006477086686498997,72,0.35179794553346255,1,175.0,1.0
Betclic,1600.329376921236,110,52,58,0.4727272727272727,0,0,,0.0,0.0,0.0,73,1.3177252484133533,1,70.0,
FOKUS,1599.0116516728226,54,32,22,0.5925925925925926,0,0,,0.0,0.0,0.0,74,0.8885478002598575,1,56.0,
Zero Tenacity,1598.1231038725628,28,20,8,0.7142857142857143,1,5,12.0,0.0,1.7901009671046268e-67,0.006802721088435374,75,0.5920146934045079,1,0.0,14.0
WW,1597.5310891791582,100,52,48,0.52,2,11,6.0,0.0005668398677373641,4.241921039757495e-50,0.008143528189887754,76,2.043367535366542,1,22.0,9.0
Echo,1595.4877216437917,16,10,6,0.625,0,0,,0.0,0.0,0.0,77,0.728749609472743,1,64.0,
Galorys,1594.758972034319,102,53,49,0.5196078431372549,5,37,1.0,0.00015745551881593447,6.120879103968858e-07,0.008220680961331852,78,0.7797099515814807,1,12.0,13.0
ex-RUSTEC,1593.9792620827375,31,19,12,0.6129032258064516,0,0,,0.0,0.0,0.0,79,0.3050190421611205,1,0.0,
Isurus,1593.6742430405764,101,55,46,0.5445544554455446,3,16,1.0,0.000574712643678161,1.1860192201567608e-07,0.004682010488732968,80,0.23634894733322653,1,13.0,13.0
Walczaki,1593.4378940932431,66,43,23,0.6515151515151515,0,0,,0.0,0.0,0.0,81,4.125327720353653,1,20.0,
NEXVOID,1589.3125663728895,41,25,16,0.6097560975609756,3,21,4.0,0.00028341993386868207,1.5372201987456377e-21,0.0073765016205332885,82,3.950766725981566,1,10.0,7.0
QWENTRY,1585.361799646908,43,27,16,0.627906976744186,0,0,,0.0,0.0,0.0,83,0.10439903355927527,1,0.0,
Jam,1585.2574006133486,6,6,0,1.0,0,0,,0.0,0.0,0.0,84,0.3717239331408564,1,0.0,
WBT,1584.8856766802078,23,16,7,0.6956521739130435,0,0,,0.0,0.0,0.0,85,1.8181715886089478,1,13.0,
SportsBetExpert,1583.0675050915988,50,29,21,0.58,3,17,2.0,0.0,4.3707116777943154e-20,0.00652352932569199,86,1.349817263261457,1,19.0,12.0
mellren,1581.7176878283374,11,8,3,0.7272727272727273,0,0,,0.0,0.0,0.0,87,0.2190062621564266,1,10.0,
Ursa,1581.498681566181,64,39,25,0.609375,0,0,,0.0,0.0,0.0,88,0.044493909170341794,1,0.0,
Keyd Stars,1581.4541876570106,109,57,52,0.5229357798165137,7,46,1.0,0.0011336797354747283,5.040521336585961e-07,0.01027404158169969,89,0.3470941685664002,1,14.0,13.0
SINNERS,1581.1070934884442,114,68,46,0.5964912280701754,3,16,1.0,0.016627302786962683,1.2286683582193133e-07,0.009713898316190787,90,2.562075946483219,1,48.0,4.0
5star,1578.545017541961,33,20,13,0.6060606060606061,2,11,4.0,0.0,7.90279653883006e-22,0.0042872248387973745,91,1.8470677480149789,1,9.0,7.0
ex-Zero Tenacity,1576.697949793946,104,50,54,0.4807692307692308,0,0,,0.0,0.0,0.0,92,0.19873665989143774,1,2.0,
OG,1576.4992131340546,110,62,48,0.5636363636363636,1,5,7.0,0.0,2.245687611873972e-49,0.004378097063197315,93,0.021643238899059725,1,27.0,5.0
RED Canids,1576.4775698951555,47,26,21,0.5531914893617021,1,5,1.0,0.0,7.94492578210602e-07,0.00219200282516281,94,0.5153843512375715,1,0.0,2.0
INFINITE,1575.962185543918,100,40,60,0.4,0,0,,0.0,0.0,0.0,95,3.5157250421807476,1,36.0,
Bushido Wildcats,1572.4464605017372,95,50,45,0.5263157894736842,0,0,,0.0,0.0,0.0,96,0.6318027765926217,1,19.0,
regain,1571.8146577251446,100,51,49,0.51,2,12,2.0,0.0016060462919225318,1.3917985780976453e-21,0.007100116455763469,97,2.0791167095833316,1,16.0,16.0
SPARTA,1569.7355410155612,129,65,64,0.5038759689922481,3,15,5.0,0.002172886159659896,3.4906047957698285e-37,0.009321875293868508,98,0.026376380936198984,1,17.0,10.0
Getting Info,1569.709164634625,20,14,6,0.7,2,11,2.0,0.0,1.9064464663646208e-20,0.004536418195370973,99,1.5582928716173683,1,0.0,12.0
ESC,1568.1508717630077,27,17,10,0.6296296296296297,0,0,,0.0,0.0,0.0,100,0.0678646877263418,1,0.0,
QUAZAR,1568.0830070752813,72,34,38,0.4722222222222222,0,0,,0.0,0.0,0.0,101,0.9036641935858825,1,16.0,
Tricked,1567.1793428816954,52,23,29,0.4423076923076923,0,0,,0.0,0.0,0.0,102,0.9177081606021602,1,0.0,
Chicken Coop,1566.2616347210933,100,46,54,0.46,4,21,2.0,0.005290505432215399,3.671757671836855e-20,0.008344373162479594,103,0.8230604214129471,1,5.0,12.0
ARCRED,1565.4385742996803,117,61,56,0.5213675213675214,2,10,6.0,0.0005668398677373641,3.6168687345746933e-50,0.007560865110440396,104,5.0553181319264695,1,12.0,9.0
ALKA,1560.3832561677539,34,18,16,0.5294117647058824,0,0,,0.0,0.0,0.0,105,2.0509775491900655,1,13.0,
Just Players,1558.3322786185638,70,39,31,0.5571428571428572,0,0,,0.0,0.0,0.0,106,0.13487761541409782,1,16.0,
Young Ninjas,1558.1974010031497,32,20,12,0.625,0,0,,0.0,0.0,0.0,107,0.5555249743890727,1,0.0,
Johnny Speeds,1557.6418760287606,85,42,43,0.49411764705882355,1,6,7.0,0.0,3.1724957888642185e-49,0.004881876332132048,108,0.5687781360643385,1,0.0,5.0
Sangal,1557.0730978926963,108,58,50,0.5370370370370371,0,0,,0.0,0.0,0.0,109,0.31468009346303916,1,14.0,
Bounty Hunters,1556.7584177992333,113,63,50,0.5575221238938053,9,59,1.0,0.004574082821602895,8.587846690398561e-07,0.012622510878853539,110,0.31366917416789875,1,14.0,13.0
benched gods,1556.4447486250654,27,16,11,0.5925925925925926,0,0,,0.0,0.0,0.0,111,0.08518198598221716,1,9.0,
BRUTE,1556.3595666390831,100,49,51,0.49,0,0,,0.0,0.0,0.0,112,0.20040679282010387,1,26.0,
Enjoy,1556.159159846263,38,23,15,0.6052631578947368,0,0,,0.0,0.0,0.0,113,0.24764156611968247,1,15.0,
BASEMENT BOYS,1555.9115182801434,106,47,59,0.44339622641509435,0,0,,0.0,0.0,0.0,114,1.0284935378945192,1,18.0,
WHITEBIRD,1554.8830247422488,26,14,12,0.5384615384615384,0,0,,0.0,0.0,0.0,115,0.7427577757778181,1,0.0,
Yawara,1554.140266966471,104,54,50,0.5192307692307693,7,41,1.0,0.0022831050228310505,4.488426113698042e-07,0.009239518069362684,116,0.10322691946521445,1,10.0,13.0
ENCE,1554.0370400470058,116,62,54,0.5344827586206896,1,5,1.0,0.0,1.5610138358876144e-09,0.0039933104516341415,117,0.5769035109635752,1,11.0,4.0
Color,1553.4601365360422,7,5,2,0.7142857142857143,0,0,,0.0,0.0,0.0,118,0.8291862729686272,1,0.0,
UNiTY,1552.6309502630736,110,55,55,0.5,0,0,,0.0,0.0,0.0,119,0.07431417462271384,1,13.0,
Turma do Pagode,1552.556636088451,10,7,3,0.7,0,0,,0.0,0.0,0.0,120,0.29232326189708147,1,0.0,
Fluxo Demons,1552.2643128265538,9,7,2,0.7777777777777778,1,5,9.0,0.0,1.5041773016788768e-27,0.0026212736277687445,121,0.1117725681713182,1,0.0,18.0
TNT,1552.1525402583825,9,7,2,0.7777777777777778,0,0,,0.0,0.0,0.0,122,1.4499247775524964,1,0.0,
BLUEJAYS,1550.70261548083,21,13,8,0.6190476190476191,1,5,2.0,0.0,1.2813470168832159e-20,0.002542907418022716,123,0.20300262962837223,1,0.0,12.0
The Huns,1550.4996128512016,102,61,41,0.5980392156862745,5,40,4.0,0.0023618327822390174,2.378641106670127e-21,0.013583926441890342,124,0.0090640829748736,1,15.0,7.0
EAC,1550.4905487682267,39,19,20,0.48717948717948717,0,0,,0.0,0.0,0.0,125,0.3426476842255397,1,36.0,
HYPERSPIRIT,1550.1479010840012,100,43,57,0.43,0,0,,0.0,0.0,0.0,126,0.4484710475269367,1,12.0,
33,1549.6994300364743,23,13,10,0.5652173913043478,0,0,,0.0,0.0,0.0,127,0.3287170227649767,1,0.0,
Wildcard Academy,1549.3707130137093,10,8,2,0.8,0,0,,0.0,0.0,0.0,128,0.4224640220636502,1,0.0,
WOPA,1548.9482489916456,15,10,5,0.6666666666666666,0,0,,0.0,0.0,0.0,129,1.0909432536961958,1,0.0,
BC.Game,1547.8573057379494,103,48,55,0.46601941747572817,2,10,7.0,0.0003778932451582428,4.447540029541742e-49,0.007900444466524284,130,0.18103426641778242,1,55.0,5.0
Fisher College,1547.6762714715317,87,43,44,0.4942528735632184,1,6,2.0,0.0,1.3356316355934504e-20,0.0031025706335953526,131,0.7069719078183425,1,1.0,12.0
DEPO,1546.9692995637133,54,30,24,0.5555555555555556,1,6,5.0,0.0,4.21103027373042e-37,0.0037032022144656523,132,0.14093501611137071,1,17.0,10.0
BIG Academy,1546.828364547602,102,53,49,0.5196078431372549,0,0,,0.0,0.0,0.0,133,0.19870060814173485,1,11.0,
Raccoons,1546.6296639394602,5,4,1,0.8,0,0,,0.0,0.0,0.0,134,0.39044035760412044,1,0.0,
Insilio,1546.239223581856,12,9,3,0.75,0,0,,0.0,0.0,0.0,135,1.1756797909279157,1,0.0,
Spirit Academy,1545.0635437909282,100,57,43,0.57,1,5,12.0,0.0,1.7901009671046268e-67,0.006802721088435374,136,0.23827426497928172,1,14.0,14.0
AM,1544.825269525949,65,35,30,0.5384615384615384,0,0,,0.0,0.0,0.0,137,0.1472985597092702,1,0.0,
Nouns,1544.6779709662396,7,6,1,0.8571428571428571,0,0,,0.0,0.0,0.0,138,1.6846342694755094,1,0.0,
Abyssal,1542.9933366967641,41,22,19,0.5365853658536586,4,27,3.0,0.0010392064241851677,0.2310867927132781,0.006041904291073755,139,1.2592520964458345,1,9.0,15.0
Into the Breach,1541.7340846003183,4,4,0,1.0,0,0,,0.0,0.0,0.0,140,0.3964271626239224,1,0.0,
Patins da Ferrari,1541.3376574376944,75,33,42,0.44,2,13,1.0,0.0,2.801625492327916e-07,0.003878155370166521,141,0.1785056539672496,1,11.0,3.0
Revise,1541.159151783727,5,4,1,0.8,0,0,,0.0,0.0,0.0,142,0.9466860105624164,1,0.0,
OLDBOYS PL,1540.2124657731647,13,9,4,0.6923076923076923,0,0,,0.0,0.0,0.0,143,1.081942482990371,1,0.0,
Black Phoenix,1539.1305232901743,22,12,10,0.5454545454545454,0,0,,0.0,0.0,0.0,144,0.4212202524718123,1,16.0,
Bad News Kangaroos,1538.7093030377025,10,8,2,0.8,1,6,3.0,0.0,0.02856100783429396,0.0023957202732370533,145,0.05180429478559745,1,0.0,15.0
Rune Eaters,1538.657498742917,90,42,48,0.4666666666666667,1,6,5.0,0.0,4.21103027373042e-37,0.0037032022144656523,146,0.2807854667985339,1,18.0,10.0
STATE,1538.3767132761184,70,36,34,0.5142857142857142,0,0,,0.0,0.0,0.0,147,0.4505872776492197,1,7.0,
INTZ,1537.9261259984692,8,6,2,0.75,1,6,1.0,0.0,2.117445882841988e-06,0.0032263180210223693,148,0.03207901072619279,1,0.0,11.0
ASTRAL,1537.894046987743,105,52,53,0.49523809523809526,0,0,,0.0,0.0,0.0,149,0.24254387565565594,1,29.0,
Rooster,1537.6515031120873,113,65,48,0.5752212389380531,8,72,3.0,0.0034955125177137457,0.4588503585535224,0.01595195535374544,150,0.05856562667122489,1,8.0,15.0
3DMAX,1537.592937485416,119,54,65,0.453781512605042,5,25,1.0,0.0006644622894032436,3.134368334089741e-05,0.005620131362666466,151,0.27483575050609943,1,146.0,1.0
Solid,1537.31810173491,4,4,0,1.0,0,0,,0.0,0.0,0.0,152,0.026230595097558762,1,0.0,
KOLESIE,1537.2918711398124,57,28,29,0.49122807017543857,0,0,,0.0,0.0,0.0,153,0.46077332136678706,1,0.0,
Back to Back,1536.8310978184456,5,4,1,0.8,0,0,,0.0,0.0,0.0,154,3.5980194349406247,1,0.0,
9INE,1533.233078383505,115,62,53,0.5391304347826087,2,11,1.0,0.011147850732168162,1.916203036063154e-08,0.006678848908535164,155,0.4596601553707842,1,33.0,4.0
NAVI Junior,1532.7734182281342,100,62,38,0.62,2,10,1.0,0.005668398677373642,1.393677132556999e-08,0.006995918076932434,156,0.03818313529836814,1,13.0,4.0
Renegades,1532.7352350928359,4,4,0,1.0,0,0,,0.0,0.0,0.0,157,0.09802410600673284,1,0.0,
Fire Flux,1532.6372109868291,103,56,47,0.5436893203883495,0,0,,0.0,0.0,0.0,158,0.48872838801457874,1,8.0,
BET-M,1532.1484825988146,70,37,33,0.5285714285714286,0,0,,0.0,0.0,0.0,159,0.3588142590258485,1,11.0,
Flamengo,1531.7896683397887,5,4,1,0.8,0,0,,0.0,0.0,0.0,160,0.7356473275822282,1,0.0,
Take Flyte,1531.0540210122065,12,8,4,0.6666666666666666,0,0,,0.0,0.0,0.0,161,0.6096300664357841,1,0.0,
sunday school,1530.4443909457707,3,3,0,1.0,0,0,,0.0,0.0,0.0,162,0.2375936521461881,1,0.0,
JOGA DE TERNO,1530.2067972936245,3,3,0,1.0,0,0,,0.0,0.0,0.0,163,0.4429849581158578,1,0.0,
9 Pandas,1529.7638123355086,7,5,2,0.7142857142857143,0,0,,0.0,0.0,0.0,164,0.6166646387448509,1,0.0,
Looking4Org,1529.1471476967638,3,3,0,1.0,0,0,,0.0,0.0,0.0,165,0.10514112014629973,1,0.0,
Leo,1529.0420065766175,108,58,50,0.5370370370370371,1,5,5.0,0.0,1.5894378636491274e-38,0.00421602166691086,166,0.1735434441261532,1,12.0,10.0
DENDELE,1528.8684631324913,5,3,2,0.6,0,0,,0.0,0.0,0.0,167,0.22031200468177303,1,100.0,
QMISTRY,1528.6481511278096,3,3,0,1.0,0,0,,0.0,0.0,0.0,168,0.5594473548815131,1,0.0,
ATK,1528.088703772928,5,4,1,0.8,0,0,,0.0,0.0,0.0,169,0.010889906539205185,1,0.0,
Fake do Biru,1528.0778138663889,59,27,32,0.4576271186440678,3,20,1.0,0.0003778932451582428,3.062371479153699e-07,0.005110440306036069,170,0.045307118930850265,1,0.0,13.0
ex-GANK,1528.032506747458,4,3,1,0.75,0,0,,0.0,0.0,0.0,171,0.00545180837116277,1,0.0,
TNC,1528.0270549390868,26,14,12,0.5384615384615384,0,0,,0.0,0.0,0.0,172,0.4477781535661052,1,0.0,
Vikings KR,1527.5792767855207,3,3,0,1.0,0,0,,0.0,0.0,0.0,173,0.04250192539529962,1,0.0,
LFO 4,1527.5367748601254,3,3,0,1.0,0,0,,0.0,0.0,0.0,174,0.12218872107700918,1,0.0,
Party Astronauts,1527.4145861390484,7,5,2,0.7142857142857143,0,0,,0.0,0.0,0.0,175,0.296988004700097,1,0.0,
BORRACHEIROS,1527.1175981343483,12,7,5,0.5833333333333334,0,0,,0.0,0.0,0.0,176,1.354894026914053,1,7.0,
UNO MILLE,1525.7627041074343,102,53,49,0.5196078431372549,6,36,1.0,0.015446386395843172,4.5152934310680553e-07,0.008300065344572003,177,0.2705878721192221,1,9.0,13.0
Olympus,1525.492116235315,2,2,0,1.0,0,0,,0.0,0.0,0.0,178,0.14657871994199922,1,0.0,
Astralis Talent,1525.345537515373,5,4,1,0.8,0,0,,0.0,0.0,0.0,179,0.4089094936973652,1,0.0,
EC Brugge,1524.9366280216757,3,3,0,1.0,0,0,,0.0,0.0,0.0,180,0.20119044492912508,1,0.0,
mix52,1524.7354375767466,6,4,2,0.6666666666666666,0,0,,0.0,0.0,0.0,181,0.16365735512272295,1,0.0,
GUN5,1524.5717802216238,34,17,17,0.5,0,0,,0.0,0.0,0.0,182,0.09992838065772958,1,0.0,
passions,1524.471851840966,2,2,0,1.0,0,0,,0.0,0.0,0.0,183,0.5981827580276331,1,0.0,
ACROBATS,1523.8736690829385,5,3,2,0.6,0,0,,0.0,0.0,0.0,184,0.02487132068858955,1,0.0,
eLITenergy,1523.84879776225,10,6,4,0.6,0,0,,0.0,0.0,0.0,185,0.003956580957947153,1,0.0,
Lazarus,1523.844841181292,2,2,0,1.0,0,0,,0.0,0.0,0.0,186,0.34278067764489606,1,0.0,
Kubix,1523.502060503647,2,2,0,1.0,0,0,,0.0,0.0,0.0,187,0.6221621634113035,1,0.0,
Endpoint,1522.8798983402357,8,5,3,0.625,0,0,,0.0,0.0,0.0,188,0.017762455345064154,1,0.0,
Northern Lights,1522.8621358848907,2,2,0,1.0,0,0,,0.0,0.0,0.0,189,0.005823870298627298,1,0.0,
Sprout,1522.856312014592,2,2,0,1.0,0,0,,0.0,0.0,0.0,190,0.10672967082814466,1,0.0,
ThunderFlash,1522.749582343764,2,2,0,1.0,0,0,,0.0,0.0,0.0,191,0.01749979397345669,1,0.0,
ex-NAVI Junior,1522.7320825497904,2,2,0,1.0,0,0,,0.0,0.0,0.0,192,0.016527195958815355,1,0.0,
00NATION,1522.7155553538316,2,2,0,1.0,0,0,,0.0,0.0,0.0,193,0.00775978024739743,1,0.0,
LAG,1522.7077955735842,109,64,45,0.5871559633027523,7,44,2.0,0.005951818611242324,6.029006746457361e-20,0.017962770280454343,194,0.004098286148519037,1,13.0,12.0
BAKS,1522.7036972874357,30,14,16,0.4666666666666667,0,0,,0.0,0.0,0.0,195,0.12122843579572873,1,22.0,
Copenhagen Flames,1522.58246885164,2,2,0,1.0,0,0,,0.0,0.0,0.0,196,0.20571249156000704,1,0.0,
Infused,1522.37675636008,2,2,0,1.0,0,0,,0.0,0.0,0.0,197,0.28277201337164115,1,0.0,
Truck Drivers,1522.0939843467083,2,2,0,1.0,0,0,,0.0,0.0,0.0,198,0.022197665419980694,1,0.0,
ONYX,1522.0717866812884,2,2,0,1.0,0,0,,0.0,0.0,0.0,199,0.6576120040058413,1,0.0,
MAD Lions,1521.4141746772825,2,2,0,1.0,0,0,,0.0,0.0,0.0,200,0.15208974019242305,1,0.0,
The Neighbours,1521.26208493709,2,2,0,1.0,0,0,,0.0,0.0,0.0,201,0.06424201293179976,1,0.0,
Ambush,1521.1978429241583,2,2,0,1.0,0,0,,0.0,0.0,0.0,202,0.28766651327055115,1,0.0,
ex-Enterprise,1520.9101764108877,2,2,0,1.0,0,0,,0.0,0.0,0.0,203,0.12442052177789265,1,0.0,
MIBR fe,1520.7857558891099,96,50,46,0.5208333333333334,3,30,9.0,0.0001889466225791214,6.404750037930606e-27,0.01130021983318129,204,0.047692182542277806,1,8.0,18.0
Tropa do Taco,1520.7380637065676,2,2,0,1.0,0,0,,0.0,0.0,0.0,205,0.029621197623328044,1,0.0,
Davenport University,1520.7084425089442,2,2,0,1.0,0,0,,0.0,0.0,0.0,206,0.22749852587207897,1,0.0,
Strife,1520.4809439830722,2,2,0,1.0,0,0,,0.0,0.0,0.0,207,0.01723210093769012,1,0.0,
Vexar,1520.4637118821345,31,17,14,0.5483870967741935,0,0,,0.0,0.0,0.0,208,0.01146337103591577,1,11.0,
Impossible,1520.4522485110986,2,2,0,1.0,0,0,,0.0,0.0,0.0,209,0.11936665885787079,1,0.0,
cowana,1520.3328818522407,2,2,0,1.0,0,0,,0.0,0.0,0.0,210,0.02109927839910597,1,0.0,
ex-Betera,1520.3117825738416,5,3,2,0.6,0,0,,0.0,0.0,0.0,211,0.14450625546919582,1,0.0,
Grayhound,1520.1672763183724,2,2,0,1.0,0,0,,0.0,0.0,0.0,212,0.009169505651243526,1,0.0,
Fingers Crossed,1520.1581068127211,11,7,4,0.6363636363636364,0,0,,0.0,0.0,0.0,213,0.414091130026236,1,0.0,
W7M,1519.744015682695,2,2,0,1.0,0,0,,0.0,0.0,0.0,214,0.31087085546164417,1,0.0,
NOVAQ,1519.4331448272333,101,50,51,0.49504950495049505,3,16,5.0,0.001889466225791214,8.14725408867832e-37,0.00856746887834498,215,0.08576672633535054,1,18.0,10.0
Ovoshi,1519.347378100898,2,2,0,1.0,0,0,,0.0,0.0,0.0,216,0.44277996130995234,1,0.0,
Evil Geniuses,1518.904598139588,4,3,1,0.75,0,0,,0.0,0.0,0.0,217,0.5105761522588637,1,0.0,
LaChampionsLiga,1518.394021987329,4,3,1,0.75,0,0,,0.0,0.0,0.0,218,0.41692535278389187,1,0.0,
ReThink,1517.9770966345452,22,10,12,0.45454545454545453,0,0,,0.0,0.0,0.0,219,0.07740538199686853,1,15.0,
Chinggis Warriors,1517.8996912525483,101,55,46,0.5445544554455446,5,37,4.0,0.0013226263580538497,2.2031823656824537e-21,0.012844488463675339,220,0.030088163951859315,1,2.0,7.0
VELOX,1517.8696030885965,4,3,1,0.75,0,0,,0.0,0.0,0.0,221,0.23302512928171382,1,0.0,
Jeeves,1517.6365779593148,2,2,0,1.0,0,0,,0.0,0.0,0.0,222,0.06116331352313864,1,0.0,
Vitalem Aerem,1517.5754146457916,1,1,0,1.0,0,0,,0.0,0.0,0.0,223,0.16244035018803515,1,0.0,
Preasy Mix,1517.4129742956036,4,3,1,0.75,0,0,,0.0,0.0,0.0,224,0.2815411295230206,1,0.0,
Rave,1517.1314331660806,27,13,14,0.48148148148148145,2,12,2.0,0.0,5.1532909886381074e-20,0.0043484943726249965,225,0.038222937535010715,1,0.0,12.0
Swingers,1517.0932102285456,2,2,0,1.0,0,0,,0.0,0.0,0.0,226,0.0002142808164080634,1,0.0,
RUBY,1517.0929959477292,32,18,14,0.5625,0,0,,0.0,0.0,0.0,227,0.26452170713582746,1,0.0,
TNL,1516.8284742405933,14,8,6,0.5714285714285714,0,0,,0.0,0.0,0.0,228,0.27830317367102,1,0.0,
500,1516.5501710669223,30,14,16,0.4666666666666667,0,0,,0.0,0.0,0.0,229,0.12150332323653856,1,0.0,
Oruga,1516.4286677436858,3,2,1,0.6666666666666666,0,0,,0.0,0.0,0.0,230,0.04021902533645516,1,0.0,
OneTap,1516.3884487183493,2,2,0,1.0,0,0,,0.0,0.0,0.0,231,0.423562709479711,1,0.0,
Bravado,1515.9648860088696,2,2,0,1.0,0,0,,0.0,0.0,0.0,232,0.35719252170224536,1,0.0,
Friendly Campers,1515.6076934871674,13,6,7,0.46153846153846156,0,0,,0.0,0.0,0.0,233,0.0010757538989309978,1,0.0,
Honvéd,1515.6066177332684,62,36,26,0.5806451612903226,0,0,,0.0,0.0,0.0,234,0.042613947392510454,1,12.0,
Mindfreak,1515.564003785876,119,66,53,0.5546218487394958,8,83,3.0,0.0014170996693434106,0.5089583252808264,0.017664751469355776,235,0.19090314035474876,1,13.0,15.0
Imperial Academy,1515.3731006455212,5,3,2,0.6,0,0,,0.0,0.0,0.0,236,0.35233605284383884,1,0.0,
ALGO,1515.0207645926773,36,17,19,0.4722222222222222,0,0,,0.0,0.0,0.0,237,0.0234406642466638,1,0.0,
SC,1514.9973239284307,2,2,0,1.0,0,0,,0.0,0.0,0.0,238,0.4395850114374298,1,0.0,
Ryvex,1514.5577389169932,1,1,0,1.0,0,0,,0.0,0.0,0.0,239,0.09767560990644597,1,0.0,
Off Site,1514.4600633070868,1,1,0,1.0,0,0,,0.0,0.0,0.0,240,0.049792162187713984,1,0.0,
bankaPEPSI,1514.410271144899,5,3,2,0.6,0,0,,0.0,0.0,0.0,241,0.7797688647588075,1,0.0,
ex-Inner Circle,1513.6305022801403,5,3,2,0.6,0,0,,0.0,0.0,0.0,242,0.38347101025283337,1,0.0,
2GAME,1513.2470312698874,5,3,2,0.6,0,0,,0.0,0.0,0.0,243,0.2343893865361224,1,0.0,
LPH,1513.0126418833513,21,11,10,0.5238095238095238,0,0,,0.0,0.0,0.0,244,0.08017072382699553,1,12.0,
Marius,1512.9324711595243,3,2,1,0.6666666666666666,0,0,,0.0,0.0,0.0,245,0.13585973351950997,1,0.0,
L4S,1512.7966114260048,1,1,0,1.0,0,0,,0.0,0.0,0.0,246,0.02368605347078301,1,0.0,
VEXA,1512.772925372534,13,7,6,0.5384615384615384,0,0,,0.0,0.0,0.0,247,0.07451578354880439,1,0.0,
fish123,1512.6984095889852,3,2,1,0.6666666666666666,0,0,,0.0,0.0,0.0,248,0.00045303590331968735,1,0.0,
undefined,1512.697956553082,1,1,0,1.0,0,0,,0.0,0.0,0.0,249,0.01678967054090208,1,0.0,
HYDRA,1512.681166882541,1,1,0,1.0,0,0,,0.0,0.0,0.0,250,0.02879662007103434,1,0.0,
Omega,1512.65237026247,100,47,53,0.47,4,25,5.0,0.0014170996693434106,1.0660679447213598e-36,0.013150620271733571,251,0.06125291506100439,1,20.0,10.0
SinnerS,1512.591117347409,1,1,0,1.0,0,0,,0.0,0.0,0.0,252,0.011267665430295892,1,0.0,
NAVI Javelins,1512.5798496819787,1,1,0,1.0,0,0,,0.0,0.0,0.0,253,0.0037347840893744433,1,0.0,
ex-Flame Sharks,1512.5761148978893,3,2,1,0.6666666666666666,0,0,,0.0,0.0,0.0,254,0.07006213603767719,1,0.0,
Deep Cross,1512.5060527618516,1,1,0,1.0,0,0,,0.0,0.0,0.0,255,0.002417427434693309,1,0.0,
Rocket,1512.503635334417,1,1,0,1.0,0,0,,0.0,0.0,0.0,256,0.06045994108967534,1,0.0,
Skinsauna,1512.4431753933272,1,1,0,1.0,0,0,,0.0,0.0,0.0,257,0.10571316256346108,1,0.0,
CLG Red,1512.3374622307638,3,2,1,0.6666666666666666,0,0,,0.0,0.0,0.0,258,0.09188606284533307,1,0.0,
SuperMassive,1512.2455761679184,1,1,0,1.0,0,0,,0.0,0.0,0.0,259,0.0069666620292991865,1,0.0,
Enterprise,1512.2386095058891,1,1,0,1.0,0,0,,0.0,0.0,0.0,260,0.05775766268016014,1,0.0,
okura,1512.180851843209,1,1,0,1.0,0,0,,0.0,0.0,0.0,261,0.0687293840435359,1,0.0,
iNation,1512.1121224591654,3,2,1,0.6666666666666666,0,0,,0.0,0.0,0.0,262,0.01140220263869196,1,0.0,
shrekas,1512.1007202565268,1,1,0,1.0,0,0,,0.0,0.0,0.0,263,0.09125714963761311,1,0.0,
Biryani,1512.0094631068891,1,1,0,1.0,0,0,,0.0,0.0,0.0,264,0.06113457336209649,1,0.0,
PSYCHOACTIVE,1511.948328533527,1,1,0,1.0,0,0,,0.0,0.0,0.0,265,0.08239652188376567,1,0.0,
Paranoid,1511.8659320116433,1,1,0,1.0,0,0,,0.0,0.0,0.0,266,0.07305033679040207,1,0.0,
PGE Turow,1511.7928816748529,1,1,0,1.0,0,0,,0.0,0.0,0.0,267,0.037873082336318475,1,0.0,
The Last Resort,1511.7550085925166,83,42,41,0.5060240963855421,0,0,,0.0,0.0,0.0,268,0.009842633303378534,1,14.0,
Websterz,1511.7451659592132,3,2,1,0.6666666666666666,0,0,,0.0,0.0,0.0,269,0.005673529291016166,1,0.0,
Apeks,1511.7394924299222,1,1,0,1.0,0,0,,0.0,0.0,0.0,270,0.03468315929603705,1,0.0,
Hellslayers,1511.7048092706261,1,1,0,1.0,0,0,,0.0,0.0,0.0,271,0.06498678801403912,1,0.0,
Concept Cult,1511.639822482612,1,1,0,1.0,0,0,,0.0,0.0,0.0,272,0.027452713282173136,1,0.0,
Make Your Mind,1511.61236976933,1,1,0,1.0,0,0,,0.0,0.0,0.0,273,0.017860674719258895,1,0.0,
ScarX,1511.5945090946107,1,1,0,1.0,0,0,,0.0,0.0,0.0,274,0.003514893021019816,1,0.0,
ex-UHKA,1511.5909942015896,1,1,0,1.0,0,0,,0.0,0.0,0.0,275,0.0023862819184614636,1,0.0,
Bravos,1511.5886079196712,1,1,0,1.0,0,0,,0.0,0.0,0.0,276,0.008419139997386083,1,0.0,
K23,1511.5801887796738,1,1,0,1.0,0,0,,0.0,0.0,0.0,277,0.0003250981137625786,1,0.0,
Undone,1511.57986368156,1,1,0,1.0,0,0,,0.0,0.0,0.0,278,0.01888559169810833,1,0.0,
VERTEX,1511.560978089862,1,1,0,1.0,0,0,,0.0,0.0,0.0,279,5.775805811936152e-05,1,0.0,
mixbanan,1511.5609203318038,1,1,0,1.0,0,0,,0.0,0.0,0.0,280,0.011248306699371824,1,0.0,
X,1511.5496720251044,1,1,0,1.0,0,0,,0.0,0.0,0.0,281,0.05720929414133025,1,0.0,
ex-TALON,1511.492462730963,3,2,1,0.6666666666666666,0,0,,0.0,0.0,0.0,282,0.07556764293804008,1,0.0,
m0nSt3rS,1511.416895088025,1,1,0,1.0,0,0,,0.0,0.0,0.0,283,0.013125996358212433,1,0.0,
Serbia,1511.4037690916668,1,1,0,1.0,0,0,,0.0,0.0,0.0,284,0.09017609887837352,1,0.0,
Fantastic Seven,1511.3135929927885,1,1,0,1.0,0,0,,0.0,0.0,0.0,285,0.009782949527334495,1,0.0,
DBL PONEY,1511.3038100432611,1,1,0,1.0,0,0,,0.0,0.0,0.0,286,0.0023169260773556744,1,0.0,
HellRaisers,1511.3014931171838,1,1,0,1.0,0,0,,0.0,0.0,0.0,287,0.030250940902988077,1,0.0,
NEVERMORE,1511.2712421762808,1,1,0,1.0,0,0,,0.0,0.0,0.0,288,0.017684696854985305,1,0.0,
OFFSET,1511.2535574794258,1,1,0,1.0,0,0,,0.0,0.0,0.0,289,0.008527396349563787,1,0.0,
Run or Die,1511.2450300830762,1,1,0,1.0,0,0,,0.0,0.0,0.0,290,0.019167167734394752,1,0.0,
GKC,1511.2258629153418,1,1,0,1.0,0,0,,0.0,0.0,0.0,291,0.0033283558627772436,1,0.0,
Electrify Steel,1511.222534559479,1,1,0,1.0,0,0,,0.0,0.0,0.0,292,0.010174710257388142,1,0.0,
BuzzKill,1511.2123598492217,1,1,0,1.0,0,0,,0.0,0.0,0.0,293,0.0007251565459682752,1,0.0,
zARLANS,1511.2116346926757,1,1,0,1.0,0,0,,0.0,0.0,0.0,294,0.010966800680989763,1,0.0,
Xiaoma,1511.2006678919947,1,1,0,1.0,0,0,,0.0,0.0,0.0,295,0.0003226911260298948,1,0.0,
Cloud 10,1511.2003452008687,1,1,0,1.0,0,0,,0.0,0.0,0.0,296,0.00014201392173163185,1,0.0,
TRAFFIC Tashkent,1511.200203186947,1,1,0,1.0,0,0,,0.0,0.0,0.0,297,0.00020165869204902265,1,0.0,
TAG,1511.200001528255,1,1,0,1.0,0,0,,0.0,0.0,0.0,298,1.2831021649617469e-06,1,0.0,
Liberty fe,1511.2000002451528,1,1,0,1.0,0,0,,0.0,0.0,0.0,299,1.870691903604893e-07,1,0.0,
BLINK,1511.2000000580836,1,1,0,1.0,0,0,,0.0,0.0,0.0,300,3.926970748580061e-09,1,0.0,
Galaxy Racer,1511.2000000541566,1,1,0,1.0,0,0,,0.0,0.0,0.0,301,5.380593393056188e-08,1,0.0,
Asterius,1511.2000000003507,1,1,0,1.0,0,0,,0.0,0.0,0.0,302,3.494733391562477e-10,1,0.0,
preanus,1511.2000000000012,1,1,0,1.0,0,0,,0.0,0.0,0.0,303,0.051746747987408526,1,0.0,
PENTA,1511.1482532520138,1,1,0,1.0,0,0,,0.0,0.0,0.0,304,0.17231748261565372,1,0.0,
The QUBE,1510.9759357693981,8,4,4,0.5,0,0,,0.0,0.0,0.0,305,0.010868210651551635,1,0.0,
Vendetta,1510.9650675587466,1,1,0,1.0,0,0,,0.0,0.0,0.0,306,0.01719809054088728,1,0.0,
Delta,1510.9478694682057,1,1,0,1.0,0,0,,0.0,0.0,0.0,307,0.011404624924125528,1,0.0,
Snakes Den,1510.9364648432816,3,2,1,0.6666666666666666,0,0,,0.0,0.0,0.0,308,0.004305107459231294,1,0.0,
TBO,1510.9321597358223,1,1,0,1.0,0,0,,0.0,0.0,0.0,309,0.0351793446523061,1,0.0,
Paquetá,1510.89698039117,1,1,0,1.0,0,0,,0.0,0.0,0.0,310,0.012242319852020955,1,0.0,
ENDGAME,1510.884738071318,1,1,0,1.0,0,0,,0.0,0.0,0.0,311,0.006894072065961154,1,0.0,
Badass,1510.877843999252,1,1,0,1.0,0,0,,0.0,0.0,0.0,312,0.013759325102228104,1,0.0,
KG Network,1510.8640846741498,1,1,0,1.0,0,0,,0.0,0.0,0.0,313,0.00721848762236732,1,0.0,
Theboyz,1510.8568661865274,1,1,0,1.0,0,0,,0.0,0.0,0.0,314,0.005836595149276036,1,0.0,
BLVKHVND,1510.8510295913782,1,1,0,1.0,0,0,,0.0,0.0,0.0,315,0.011948478524800521,1,0.0,
POLET,1510.8390811128534,1,1,0,1.0,0,0,,0.0,0.0,0.0,316,1.371841790387407e-06,1,0.0,
4glory,1510.8390797410116,1,1,0,1.0,0,0,,0.0,0.0,0.0,317,7.279118108272087e-08,1,0.0,
FPL-CTalents,1510.8390796682204,1,1,0,1.0,0,0,,0.0,0.0,0.0,318,0.09888848906598469,1,0.0,
XPERION NXT,1510.7401911791544,1,1,0,1.0,0,0,,0.0,0.0,0.0,319,0.058952765774620275,1,0.0,
One For All,1510.6812384133798,1,1,0,1.0,0,0,,0.0,0.0,0.0,320,0.04544249881769247,1,0.0,
900FPSvsECO,1510.635795914562,1,1,0,1.0,0,0,,0.0,0.0,0.0,321,0.0017582418129222788,1,0.0,
StoichkovPeek,1510.6340376727492,1,1,0,1.0,0,0,,0.0,0.0,0.0,322,0.08766454295096082,1,0.0,
Young Gods,1510.5463731297982,1,1,0,1.0,0,0,,0.0,0.0,0.0,323,0.0242333238345509,1,0.0,
moneytrees,1510.5221398059637,1,1,0,1.0,0,0,,0.0,0.0,0.0,324,0.020044921782528036,1,0.0,
DomiNation,1510.5020948841811,1,1,0,1.0,0,0,,0.0,0.0,0.0,325,6.834995042481751e-05,1,0.0,
FAMBIT,1510.5020265342307,1,1,0,1.0,0,0,,0.0,0.0,0.0,326,0.007775246661594792,1,0.0,
Lewandownskie,1510.494251287569,1,1,0,1.0,0,0,,0.0,0.0,0.0,327,0.0036893422882258164,1,0.0,
Stirlzs Angels,1510.490561945281,1,1,0,1.0,0,0,,0.0,0.0,0.0,328,6.01653671310487e-05,1,0.0,
Forward,1510.4905017799138,1,1,0,1.0,0,0,,0.0,0.0,0.0,329,6.300135964920628e-06,1,0.0,
INDE IRAE,1510.4904954797778,1,1,0,1.0,0,0,,0.0,0.0,0.0,330,0.0003615945481669769,1,0.0,
Vexilla,1510.4901338852296,1,1,0,1.0,0,0,,0.0,0.0,0.0,331,0.11366179489755268,1,0.0,
Rolling Stone,1510.376472090332,1,1,0,1.0,0,0,,0.0,0.0,0.0,332,0.07105558613852736,1,0.0,
Furious,1510.3054165041935,1,1,0,1.0,0,0,,0.0,0.0,0.0,333,0.07236302524938765,1,0.0,
FUSION,1510.2330534789442,1,1,0,1.0,0,0,,0.0,0.0,0.0,334,6.044864312571008e-05,1,0.0,
ProCamp,1510.232993030301,1,1,0,1.0,0,0,,0.0,0.0,0.0,335,0.029660615817419966,1,0.0,
Unique,1510.2033324144836,1,1,0,1.0,0,0,,0.0,0.0,0.0,336,0.029164024843112202,1,0.0,
The Prodigies,1510.1741683896405,1,1,0,1.0,0,0,,0.0,0.0,0.0,337,0.007547807616447244,1,0.0,
Alter Iron,1510.166620582024,3,2,1,0.6666666666666666,0,0,,0.0,0.0,0.0,338,0.0005005980572150293,1,0.0,
RAPTORS EC,1510.1661199839668,1,1,0,1.0,0,0,,0.0,0.0,0.0,339,0.038868598834596924,1,0.0,
Kappa Bar,1510.1272513851322,1,1,0,1.0,0,0,,0.0,0.0,0.0,340,0.07940286299754007,1,0.0,
sYnck,1510.0478485221347,1,1,0,1.0,0,0,,0.0,0.0,0.0,341,0.049623818274994846,1,0.0,
América,1509.9982247038597,1,1,0,1.0,0,0,,0.0,0.0,0.0,342,0.028145761797077284,1,0.0,
FLuffy Gangsters,1509.9700789420626,1,1,0,1.0,0,0,,0.0,0.0,0.0,343,0.0034879205225024634,1,0.0,
Spartak,1509.9665910215401,1,1,0,1.0,0,0,,0.0,0.0,0.0,344,0.013405973335920862,1,0.0,
ROSY,1509.9531850482042,1,1,0,1.0,0,0,,0.0,0.0,0.0,345,0.008482655569650888,1,0.0,
DMS,1509.9447023926346,1,1,0,1.0,0,0,,0.0,0.0,0.0,346,0.050451857478947204,1,0.0,
Tranquillum,1509.8942505351556,1,1,0,1.0,0,0,,0.0,0.0,0.0,347,0.01628600423282478,1,0.0,
Born in Mongolia,1509.8779645309228,1,1,0,1.0,0,0,,0.0,0.0,0.0,348,0.035156045679514136,1,0.0,
EXO,1509.8428084852433,1,1,0,1.0,0,0,,0.0,0.0,0.0,349,0.010548086299650095,1,0.0,
UHKA,1509.8322603989436,1,1,0,1.0,0,0,,0.0,0.0,0.0,350,0.009927584260140065,1,0.0,
RUSTEC,1509.8223328146835,27,14,13,0.5185185185185185,0,0,,0.0,0.0,0.0,351,0.015869560393184656,1,0.0,
Basement Bobs,1509.8064632542903,5,3,2,0.6,0,0,,0.0,0.0,0.0,352,0.03652794278877991,1,0.0,
Binary Dragons,1509.7699353115015,3,2,1,0.6666666666666666,0,0,,0.0,0.0,0.0,353,0.15708425290813466,1,0.0,
NYX,1509.6128510585934,1,1,0,1.0,0,0,,0.0,0.0,0.0,354,0.08076251400188994,1,0.0,
GET BDOG'D,1509.5320885445915,1,1,0,1.0,0,0,,0.0,0.0,0.0,355,0.011372716100368052,1,0.0,
Reason,1509.5207158284911,1,1,0,1.0,0,0,,0.0,0.0,0.0,356,0.07273640298808459,1,0.0,
Kintsugi,1509.447979425503,1,1,0,1.0,0,0,,0.0,0.0,0.0,357,0.00901056456882543,1,0.0,
The Fundamentals,1509.4389688609342,1,1,0,1.0,0,0,,0.0,0.0,0.0,358,0.05269358372356692,1,0.0,
2070,1509.3862752772106,1,1,0,1.0,0,0,,0.0,0.0,0.0,359,0.09826574708813496,1,0.0,
RBLS,1509.2880095301225,43,23,20,0.5348837209302325,0,0,,0.0,0.0,0.0,360,0.004460347137637655,1,0.0,
Arrival Seven,1509.2835491829849,1,1,0,1.0,0,0,,0.0,0.0,0.0,361,0.009933053819850102,1,0.0,
NXT,1509.273616129165,1,1,0,1.0,0,0,,0.0,0.0,0.0,362,0.012288082404438683,1,0.0,
EG White,1509.2613280467606,1,1,0,1.0,0,0,,0.0,0.0,0.0,363,0.027725823244963976,1,0.0,
Chetz,1509.2336022235156,1,1,0,1.0,0,0,,0.0,0.0,0.0,364,0.09613711210931797,1,0.0,
LEON,1509.1374651114063,1,1,0,1.0,0,0,,0.0,0.0,0.0,365,0.05756570773905878,1,0.0,
Endless Journey,1509.0798994036672,34,17,17,0.5,0,0,,0.0,0.0,0.0,366,0.038607445805837415,1,7.0,
Rogue,1509.0412919578614,1,1,0,1.0,0,0,,0.0,0.0,0.0,367,0.02899407934660303,1,0.0,
Nigma Galaxy,1509.0122978785148,3,2,1,0.6666666666666666,0,0,,0.0,0.0,0.0,368,0.033024881990968424,1,0.0,
Exalty,1508.9792729965238,1,1,0,1.0,0,0,,0.0,0.0,0.0,369,0.006151866415621043,1,0.0,
caffeine marauders,1508.9731211301082,1,1,0,1.0,0,0,,0.0,0.0,0.0,370,0.04805966870253542,1,0.0,
Let's go golfing,1508.9250614614057,1,1,0,1.0,0,0,,0.0,0.0,0.0,371,0.002114283264745609,1,0.0,
Elevate,1508.922947178141,1,1,0,1.0,0,0,,0.0,0.0,0.0,372,0.05448226584394433,1,0.0,
iNTACT,1508.868464912297,1,1,0,1.0,0,0,,0.0,0.0,0.0,373,0.06819356350297312,1,0.0,
FTW,1508.800271348794,3,2,1,0.6666666666666666,0,0,,0.0,0.0,0.0,374,0.05125726154506083,1,0.0,
Freaky Saturday,1508.749014087249,1,1,0,1.0,0,0,,0.0,0.0,0.0,375,0.12740087477777706,1,0.0,
B4 fe,1508.6216132124712,3,2,1,0.6666666666666666,0,0,,0.0,0.0,0.0,376,0.27391917875888794,1,0.0,
Astrum,1508.3476940337123,6,3,3,0.5,0,0,,0.0,0.0,0.0,377,0.006463959182610779,1,0.0,
Spectre,1508.3412300745297,1,1,0,1.0,0,0,,0.0,0.0,0.0,378,0.15749282932574715,1,0.0,
Imported Talent,1508.183737245204,1,1,0,1.0,0,0,,0.0,0.0,0.0,379,0.04104009337970638,1,0.0,
Smoke,1508.1426971518242,1,1,0,1.0,0,0,,0.0,0.0,0.0,380,0.0752639275231104,1,0.0,
The Night Club,1508.067433224301,3,2,1,0.6666666666666666,0,0,,0.0,0.0,0.0,381,0.0478610904172001,1,0.0,
4US,1508.019572133884,1,1,0,1.0,0,0,,0.0,0.0,0.0,382,0.056030387864439035,1,0.0,
Meteor,1507.9635417460195,1,1,0,1.0,0,0,,0.0,0.0,0.0,383,0.05726902696392244,1,0.0,
DETONATE,1507.9062727190556,6,4,2,0.6666666666666666,0,0,,0.0,0.0,0.0,384,0.09056324220250644,1,0.0,
G2 Ares,1507.815709476853,101,54,47,0.5346534653465347,1,5,11.0,0.0,2.12554435379626e-58,0.005244431415135635,385,0.20225579401358118,1,20.0,8.0
my life be like,1507.6134536828395,1,1,0,1.0,0,0,,0.0,0.0,0.0,386,0.2181770645834149,1,0.0,
OMiT,1507.395276618256,1,1,0,1.0,0,0,,0.0,0.0,0.0,387,0.07403861654142929,1,0.0,
TÓR,1507.3212380017146,1,1,0,1.0,0,0,,0.0,0.0,0.0,388,0.027787088836248586,1,0.0,
Outfit 49,1507.2934509128784,16,8,8,0.5,0,0,,0.0,0.0,0.0,389,0.02502215144090769,1,0.0,
MAYBE,1507.2684287614375,6,3,3,0.5,0,0,,0.0,0.0,0.0,390,0.08246617063878148,1,8.0,
straykids,1507.1859625907987,1,1,0,1.0,0,0,,0.0,0.0,0.0,391,0.5116251853501126,1,0.0,
Mercenaires,1506.6743374054486,1,1,0,1.0,0,0,,0.0,0.0,0.0,392,0.07440879303203474,1,0.0,
Lavked,1506.5999286124165,93,53,40,0.5698924731182796,0,0,,0.0,0.0,0.0,393,0.1966675261655837,1,11.0,
NITRO,1506.403261086251,3,2,1,0.6666666666666666,0,0,,0.0,0.0,0.0,394,0.20722891671402976,1,0.0,
ex-1win,1506.196032169537,2,1,1,0.5,0,0,,0.0,0.0,0.0,395,0.4672271732549689,1,0.0,
Kaleido,1505.728804996282,41,21,20,0.5121951219512195,1,6,13.0,0.0,1.0141439191829916e-62,0.006802721088435374,396,0.7996304181770029,1,5.0,17.0
BEE,1504.929174578105,5,3,2,0.6,0,0,,0.0,0.0,0.0,397,0.06150116164189967,1,0.0,
EPG Family,1504.867673416463,2,1,1,0.5,0,0,,0.0,0.0,0.0,398,0.36994361533174924,1,0.0,
RED Canids Academy,1504.4977298011313,6,3,3,0.5,0,0,,0.0,0.0,0.0,399,0.21789590606954334,1,0.0,
XPC,1504.2798338950618,2,1,1,0.5,0,0,,0.0,0.0,0.0,400,0.019576641362846203,1,0.0,
Case,1504.260257253699,3,2,1,0.6666666666666666,0,0,,0.0,0.0,0.0,401,0.31713019310018353,1,0.0,
BOSS,1503.9431270605987,47,22,25,0.46808510638297873,2,16,2.0,0.0,4.5214072855931413e-20,0.006216794031397391,402,0.20977341306979724,1,0.0,12.0
NADE,1503.733353647529,3,1,2,0.3333333333333333,0,0,,0.0,0.0,0.0,403,0.11868708524798421,1,0.0,
ex-Chicken Coop,1503.614666562281,2,1,1,0.5,0,0,,0.0,0.0,0.0,404,0.12973163559126988,1,0.0,
rottweilers,1503.4849349266897,13,7,6,0.5384615384615384,0,0,,0.0,0.0,0.0,405,0.5304685654052719,1,0.0,
ECSTATIC,1502.9544663612844,57,24,33,0.42105263157894735,1,6,1.0,0.0,1.6514312502348866e-08,0.004117287813002903,406,0.0034367550554179616,1,0.0,4.0
Mavrek,1502.951029606229,4,2,2,0.5,0,0,,0.0,0.0,0.0,407,0.14701359324271834,1,0.0,
QUINTESSÊNCIA,1502.8040160129863,8,4,4,0.5,0,0,,0.0,0.0,0.0,408,0.06135446952453094,1,8.0,
CPH Wolves,1502.7426615434617,23,11,12,0.4782608695652174,1,5,6.0,0.0,1.3848289550906988e-50,0.004414503052851301,409,0.236037386032649,1,0.0,9.0
SKYFURY,1502.506624157429,4,2,2,0.5,0,0,,0.0,0.0,0.0,410,0.035060478839795906,1,0.0,
ALTERNATE aTTaX,1502.4715636785893,4,2,2,0.5,0,0,,0.0,0.0,0.0,411,0.28525242453747524,1,0.0,
Drip Too Hard,1502.1863112540518,2,1,1,0.5,0,0,,0.0,0.0,0.0,412,0.09515336627941906,1,0.0,
Roler Coaster,1502.0911578877724,2,1,1,0.5,0,0,,0.0,0.0,0.0,413,0.05061921526998958,1,0.0,
SELVA,1502.0405386725024,2,1,1,0.5,0,0,,0.0,0.0,0.0,414,0.33278737171190187,1,0.0,
TSM,1501.7077513007905,2,1,1,0.5,0,0,,0.0,0.0,0.0,415,0.0015423168295001233,1,0.0,
GoodGame Club,1501.706208983961,2,1,1,0.5,0,0,,0.0,0.0,0.0,416,0.020614694209143636,1,0.0,
GameAgents,1501.6855942897519,2,1,1,0.5,0,0,,0.0,0.0,0.0,417,0.013300124757961385,1,0.0,
HEET,1501.672294164994,2,1,1,0.5,0,0,,0.0,0.0,0.0,418,0.011155701982261235,1,0.0,
FULL SEND,1501.6611384630116,4,2,2,0.5,0,0,,0.0,0.0,0.0,419,0.04035527884570911,1,0.0,
Legacy Kingdom,1501.620783184166,2,1,1,0.5,0,0,,0.0,0.0,0.0,420,0.051579225689010855,1,0.0,
ex-Aether,1501.569203958477,2,1,1,0.5,0,0,,0.0,0.0,0.0,421,0.07348659895660603,1,0.0,
Leça,1501.4957173595203,2,1,1,0.5,0,0,,0.0,0.0,0.0,422,0.023306422816176564,1,0.0,
ASPYRE,1501.4724109367041,4,2,2,0.5,0,0,,0.0,0.0,0.0,423,0.01604891719216539,1,0.0,
GTZ,1501.456362019512,2,1,1,0.5,0,0,,0.0,0.0,0.0,424,0.023620658586423815,1,0.0,
Noir Verse,1501.4327413609255,29,14,15,0.4827586206896552,0,0,,0.0,0.0,0.0,425,0.01475939633564849,1,7.0,
BUHAWI,1501.41798196459,2,1,1,0.5,0,0,,0.0,0.0,0.0,426,0.026930425282898796,1,0.0,
yunglean,1501.391051539307,2,1,1,0.5,0,0,,0.0,0.0,0.0,427,0.0020973358386982,1,0.0,
NIP Impact,1501.3889542034683,4,2,2,0.5,0,0,,0.0,0.0,0.0,428,0.18947621903544132,1,0.0,
DRILLAS,1501.1994779844329,2,1,1,0.5,0,0,,0.0,0.0,0.0,429,0.008067173090239521,1,0.0,
EG Gold,1501.1914108113426,2,1,1,0.5,0,0,,0.0,0.0,0.0,430,0.04859907565173671,1,0.0,
insane players,1501.1428117356909,2,1,1,0.5,0,0,,0.0,0.0,0.0,431,0.10616915985724518,1,0.0,
inSanitY fe,1501.0366425758336,2,1,1,0.5,0,0,,0.0,0.0,0.0,432,0.0025375743239237636,1,0.0,
Boston crab,1501.0341050015097,2,1,1,0.5,0,0,,0.0,0.0,0.0,433,0.00615273294738472,1,0.0,
Daaku,1501.0279522685623,2,1,1,0.5,0,0,,0.0,0.0,0.0,434,0.0767716879101954,1,0.0,
GENKID4M4,1500.9511805806521,2,1,1,0.5,0,0,,0.0,0.0,0.0,435,0.20469473966727492,1,0.0,
Red Wolves,1500.7464858409849,2,1,1,0.5,0,0,,0.0,0.0,0.0,436,0.053454456282452156,1,0.0,
Victorum,1500.6930313847024,2,1,1,0.5,0,0,,0.0,0.0,0.0,437,0.1114016340670787,1,0.0,
Karma,1500.5816297506353,2,1,1,0.5,0,0,,0.0,0.0,0.0,438,0.030297587015638783,1,0.0,
MANTRA,1500.5513321636197,5,3,2,0.6,0,0,,0.0,0.0,0.0,439,0.05467924622871578,1,0.0,
HONORIS,1500.496652917391,2,1,1,0.5,0,0,,0.0,0.0,0.0,440,0.043954205987120076,1,0.0,
Let us cook,1500.4526987114039,2,1,1,0.5,0,0,,0.0,0.0,0.0,441,0.02860769897256432,1,0.0,
Västerås,1500.4240910124313,2,1,1,0.5,0,0,,0.0,0.0,0.0,442,0.0095761772449805,1,0.0,
MCS,1500.4145148351863,2,1,1,0.5,0,0,,0.0,0.0,0.0,443,0.025874979578247803,1,0.0,
Boca Juniors,1500.388639855608,2,1,1,0.5,0,0,,0.0,0.0,0.0,444,0.02616080589791636,1,0.0,
WildLotus,1500.3624790497101,2,1,1,0.5,0,0,,0.0,0.0,0.0,445,0.1743207480988076,1,0.0,
cirahvi,1500.1881583016113,2,1,1,0.5,0,0,,0.0,0.0,0.0,446,0.21409835803524402,1,0.0,
Magic School Bus,1499.974059943576,2,1,1,0.5,0,0,,0.0,0.0,0.0,447,0.19659909937081466,1,0.0,
SABRE,1499.7774608442053,2,1,1,0.5,0,0,,0.0,0.0,0.0,448,0.10126958741125236,1,0.0,
TTC,1499.676191256794,2,1,1,0.5,0,0,,0.0,0.0,0.0,449,0.01445422605843305,1,0.0,
roamsfiest,1499.6617370307356,4,2,2,0.5,0,0,,0.0,0.0,0.0,450,0.0692713697196723,1,0.0,
PCIFIC,1499.592465661016,20,9,11,0.45,0,0,,0.0,0.0,0.0,451,0.041026747696605526,1,18.0,
Moneyball,1499.5514389133193,2,1,1,0.5,0,0,,0.0,0.0,0.0,452,0.08674984598542324,1,0.0,
DEFEATERS,1499.464689067334,2,1,1,0.5,0,0,,0.0,0.0,0.0,453,0.10284663559127694,1,0.0,
PACT,1499.3618424317426,2,1,1,0.5,0,0,,0.0,0.0,0.0,454,0.3618197830967347,1,0.0,
Feenix,1499.0000226486459,2,1,1,0.5,0,0,,0.0,0.0,0.0,455,0.09515901643135294,1,0.0,
benched,1498.9048636322145,2,1,1,0.5,0,0,,0.0,0.0,0.0,456,0.012764475794710961,1,0.0,
DASH,1498.8920991564198,10,5,5,0.5,0,0,,0.0,0.0,0.0,457,0.008818755202128159,1,0.0,
MIGHT,1498.8832804012177,9,5,4,0.5555555555555556,0,0,,0.0,0.0,0.0,458,0.17291669312180602,1,0.0,
KS,1498.7103637080959,2,1,1,0.5,0,0,,0.0,0.0,0.0,459,0.03361295950207932,1,0.0,
Glitchtech UK,1498.6767507485938,2,1,1,0.5,0,0,,0.0,0.0,0.0,460,0.0848394417344025,1,0.0,
ARCTIC,1498.5919113068594,2,1,1,0.5,0,0,,0.0,0.0,0.0,461,0.05770434488090359,1,0.0,
Pulse,1498.5342069619785,2,1,1,0.5,0,0,,0.0,0.0,0.0,462,0.5590847490275337,1,0.0,
Denial,1497.975122212951,2,1,1,0.5,0,0,,0.0,0.0,0.0,463,0.07313875007412207,1,0.0,
MAKING HISTORY,1497.9019834628768,2,1,1,0.5,0,0,,0.0,0.0,0.0,464,0.01959595582525253,1,0.0,
Stay Frosty,1497.8823875070516,2,1,1,0.5,0,0,,0.0,0.0,0.0,465,0.011084187628057407,1,0.0,
Iowa Stormboar,1497.8713033194235,9,4,5,0.4444444444444444,0,0,,0.0,0.0,0.0,466,0.2182254888616626,1,3.0,
ex-W7M,1497.6530778305619,5,2,3,0.4,0,0,,0.0,0.0,0.0,467,0.03572167479546806,1,0.0,
ex-FUT Academy,1497.6173561557664,2,1,1,0.5,0,0,,0.0,0.0,0.0,468,0.4472124128478754,1,0.0,
Spacestation,1497.1701437429185,2,1,1,0.5,0,0,,0.0,0.0,0.0,469,0.17422902389694173,1,0.0,
The Bardolphs,1496.9959147190216,2,1,1,0.5,0,0,,0.0,0.0,0.0,470,0.025735558690257676,1,0.0,
Petardka,1496.9701791603313,2,1,1,0.5,0,0,,0.0,0.0,0.0,471,0.07729597736056348,1,0.0,
Wingman,1496.8928831829708,8,4,4,0.5,0,0,,0.0,0.0,0.0,472,0.15770140723498116,1,10.0,
Memeories,1496.7351817757358,5,2,3,0.4,0,0,,0.0,0.0,0.0,473,0.07010501541003578,1,0.0,
Gen.G,1496.6650767603257,4,2,2,0.5,0,0,,0.0,0.0,0.0,474,0.06033203097740625,1,0.0,
Levadia,1496.6047447293483,2,1,1,0.5,0,0,,0.0,0.0,0.0,475,0.4943877149241871,1,0.0,
Hesta,1496.1103570144242,4,2,2,0.5,0,0,,0.0,0.0,0.0,476,0.33424176454582266,1,0.0,
Lycus Empire,1495.7761152498783,2,1,1,0.5,0,0,,0.0,0.0,0.0,477,0.07927507091517327,1,0.0,
The Glecs,1495.6968401789632,6,3,3,0.5,0,0,,0.0,0.0,0.0,478,0.08353753887604398,1,0.0,
SUPER EVIL GANG,1495.613302640087,4,2,2,0.5,0,0,,0.0,0.0,0.0,479,0.032184025199967436,1,0.0,
Tsunami,1495.5811186148871,2,1,1,0.5,0,0,,0.0,0.0,0.0,480,0.06912084594091539,1,0.0,
Prestige,1495.5119977689462,58,27,31,0.46551724137931033,0,0,,0.0,0.0,0.0,481,0.05768148389029193,1,24.0,
K28,1495.454316285056,3,1,2,0.3333333333333333,0,0,,0.0,0.0,0.0,482,0.07529999983944435,1,0.0,
bond1e,1495.3790162852165,4,2,2,0.5,0,0,,0.0,0.0,0.0,483,0.0007944894464344543,1,0.0,
NSN,1495.37822179577,5,2,3,0.4,0,0,,0.0,0.0,0.0,484,0.061312282000471896,1,0.0,
Bpro,1495.3169095137696,3,1,2,0.3333333333333333,0,0,,0.0,0.0,0.0,485,0.21850894927729314,1,0.0,
Virtual Cottage,1495.0984005644923,2,1,1,0.5,0,0,,0.0,0.0,0.0,486,0.14445481110192304,1,0.0,
9z Academy,1494.9539457533904,4,2,2,0.5,0,0,,0.0,0.0,0.0,487,0.02282696508450499,1,0.0,
Black Dragons fe,1494.9311187883059,4,2,2,0.5,0,0,,0.0,0.0,0.0,488,0.393500032588463,1,0.0,
low cortisol,1494.5376187557174,1,0,1,0.0,0,0,,0.0,0.0,0.0,489,0.08128723404388438,1,0.0,
Haunted House,1494.4563315216735,6,2,4,0.3333333333333333,0,0,,0.0,0.0,0.0,490,0.198772431664338,1,0.0,
SHISHKA,1494.2575590900092,5,2,3,0.4,0,0,,0.0,0.0,0.0,491,0.5925183415586162,1,0.0,
RUSH B,1493.6650407484506,8,3,5,0.375,0,0,,0.0,0.0,0.0,492,0.14338844053463617,1,0.0,
RKON,1493.521652307916,4,2,2,0.5,0,0,,0.0,0.0,0.0,493,0.12123680437071016,1,0.0,
los kogutos,1493.4004155035452,51,22,29,0.43137254901960786,0,0,,0.0,0.0,0.0,494,0.10304379250442253,1,0.0,
The Art of War,1493.2973717110408,7,4,3,0.5714285714285714,1,5,3.0,0.0,0.019774277318854998,0.002101201114756642,495,0.14388447907845148,1,0.0,15.0
eUnited,1493.1534872319623,7,4,3,0.5714285714285714,1,7,1.0,0.0,2.4703535299823193e-06,0.00359396966398188,496,0.2634441919594792,1,0.0,11.0
InControl,1492.8900430400029,28,12,16,0.42857142857142855,2,10,2.0,0.0030231459612659424,7.035444006949237e-21,0.0052243078039901246,497,0.02955275479826014,1,0.0,16.0
Kraken Seas,1492.8604902852046,1,0,1,0.0,0,0,,0.0,0.0,0.0,498,0.022497536270975615,1,0.0,
West Coast Grinders,1492.8379927489336,1,0,1,0.0,0,0,,0.0,0.0,0.0,499,0.00508817507625281,1,0.0,
Incognito,1492.8329045738574,1,0,1,0.0,0,0,,0.0,0.0,0.0,500,0.24792969114218977,1,0.0,
Sampi,1492.5849748827152,6,3,3,0.5,0,0,,0.0,0.0,0.0,501,0.020886706121928,1,0.0,
B8 Academy,1492.5640881765933,7,3,4,0.42857142857142855,0,0,,0.0,0.0,0.0,502,0.10776822862135305,1,7.0,
modeame,1492.456319947972,1,0,1,0.0,0,0,,0.0,0.0,0.0,503,0.09660509127570549,1,0.0,
GOOD GAME SPOT,1492.3597148566962,1,0,1,0.0,0,0,,0.0,0.0,0.0,504,0.14636798749370428,1,0.0,
Dark Knight,1492.2133468692025,1,0,1,0.0,0,0,,0.0,0.0,0.0,505,0.05089889251257773,1,0.0,
NIO,1492.16244797669,1,0,1,0.0,0,0,,0.0,0.0,0.0,506,0.22388476354672093,1,0.0,
WINNERS,1491.9385632131432,1,0,1,0.0,0,0,,0.0,0.0,0.0,507,0.1330971795343885,1,0.0,
z to forward,1491.8054660336088,1,0,1,0.0,0,0,,0.0,0.0,0.0,508,0.06064458313039722,1,0.0,
cswalkers,1491.7448214504784,3,1,2,0.3333333333333333,0,0,,0.0,0.0,0.0,509,0.06850267501340568,1,0.0,
Take Me Away,1491.676318775465,1,0,1,0.0,0,0,,0.0,0.0,0.0,510,0.0725038421305726,1,0.0,
SKDC,1491.6038149333344,1,0,1,0.0,0,0,,0.0,0.0,0.0,511,0.0549563964113986,1,0.0,
MAJOR WINNERS,1491.548858536923,1,0,1,0.0,0,0,,0.0,0.0,0.0,512,0.017718316834589132,1,0.0,
Palace,1491.5311402200884,1,0,1,0.0,0,0,,0.0,0.0,0.0,513,0.021274950703400464,1,0.0,
lafox,1491.509865269385,1,0,1,0.0,0,0,,0.0,0.0,0.0,514,0.023657331736558262,1,0.0,
ROCEAN,1491.4862079376485,1,0,1,0.0,0,0,,0.0,0.0,0.0,515,0.26398197377534416,1,0.0,
Sola,1491.2222259638731,1,0,1,0.0,0,0,,0.0,0.0,0.0,516,0.12499820667449058,1,0.0,
Mindgamer,1491.0972277571987,1,0,1,0.0,0,0,,0.0,0.0,0.0,517,0.003878551719708412,1,0.0,
Verstappen peek,1491.093349205479,1,0,1,0.0,0,0,,0.0,0.0,0.0,518,0.03838911308571369,1,0.0,
Clockwork,1491.0549600923932,1,0,1,0.0,0,0,,0.0,0.0,0.0,519,0.005000997141223706,1,0.0,
Ducky Momo Squad,1491.049959095252,1,0,1,0.0,0,0,,0.0,0.0,0.0,520,0.04710853820097327,1,0.0,
EHISTO BASE,1491.002850557051,1,0,1,0.0,0,0,,0.0,0.0,0.0,521,0.05201806682362076,1,0.0,
FC Dynamo Kyiv,1490.9508324902274,1,0,1,0.0,0,0,,0.0,0.0,0.0,522,0.027844348997177804,1,0.0,
Foxtrot,1490.9229881412302,1,0,1,0.0,0,0,,0.0,0.0,0.0,523,0.12503851144333566,1,0.0,
WOLF,1490.797949629787,1,0,1,0.0,0,0,,0.0,0.0,0.0,524,0.006045055605682137,1,0.0,
Sangrija,1490.7919045741812,1,0,1,0.0,0,0,,0.0,0.0,0.0,525,0.0049456423698757135,1,0.0,
Gluck,1490.7869589318113,1,0,1,0.0,0,0,,0.0,0.0,0.0,526,0.09336974167013068,1,0.0,
GR,1490.6935891901412,1,0,1,0.0,0,0,,0.0,0.0,0.0,527,0.017007600519036714,1,0.0,
Unjustified fe,1490.6765815896222,1,0,1,0.0,0,0,,0.0,0.0,0.0,528,0.16121574201815747,1,0.0,
powerFinesse,1490.515365847604,1,0,1,0.0,0,0,,0.0,0.0,0.0,529,0.017600053518663117,1,0.0,
Bounty Hunters fe,1490.4977657940854,1,0,1,0.0,0,0,,0.0,0.0,0.0,530,0.04777782300561739,1,0.0,
No Radar,1490.4499879710797,1,0,1,0.0,0,0,,0.0,0.0,0.0,531,0.0026987213047959813,1,0.0,
Void Sentinels,1490.447289249775,1,0,1,0.0,0,0,,0.0,0.0,0.0,532,0.050592466969192174,1,0.0,
AaB,1490.3966967828057,55,26,29,0.4727272727272727,0,0,,0.0,0.0,0.0,533,0.02212399737436499,1,0.0,
Imp Pact fe,1490.3745727854314,1,0,1,0.0,0,0,,0.0,0.0,0.0,534,0.011119552688569456,1,0.0,
Sentinels,1490.3634532327428,1,0,1,0.0,0,0,,0.0,0.0,0.0,535,0.004322850166090575,1,0.0,
ex-CLG Red,1490.3591303825767,1,0,1,0.0,0,0,,0.0,0.0,0.0,536,0.01040412009137981,1,0.0,
Believe,1490.3487262624853,1,0,1,0.0,0,0,,0.0,0.0,0.0,537,0.0530820442024833,1,0.0,
WWGGKTA,1490.2956442182829,1,0,1,0.0,0,0,,0.0,0.0,0.0,538,0.07117993684460089,1,0.0,
Little Bocks,1490.2244642814383,1,0,1,0.0,0,0,,0.0,0.0,0.0,539,0.0015044112897157902,1,0.0,
Wings of Freedom,1490.2229598701485,1,0,1,0.0,0,0,,0.0,0.0,0.0,540,0.03403801072681745,1,0.0,
O PLANO,1490.1889218594217,1,0,1,0.0,0,0,,0.0,0.0,0.0,541,0.035236682042068423,1,0.0,
Black Mold,1490.1536851773797,1,0,1,0.0,0,0,,0.0,0.0,0.0,542,0.03684380683625932,1,0.0,
RB,1490.1168413705434,1,0,1,0.0,0,0,,0.0,0.0,0.0,543,0.008742551685827493,1,0.0,
BULGARIAPEEK,1490.1080988188576,1,0,1,0.0,0,0,,0.0,0.0,0.0,544,0.0101057400040645,1,0.0,
REVENIX,1490.0979930788535,1,0,1,0.0,0,0,,0.0,0.0,0.0,545,0.058794038364112566,1,0.0,
m1x,1490.0391990404894,1,0,1,0.0,0,0,,0.0,0.0,0.0,546,0.026489266656881227,1,0.0,
Omen,1490.0127097738325,1,0,1,0.0,0,0,,0.0,0.0,0.0,547,0.03316765010117706,1,0.0,
AGO,1489.9795421237313,1,0,1,0.0,0,0,,0.0,0.0,0.0,548,0.00753017858187377,1,0.0,
Rhyno,1489.9720119451495,3,1,2,0.3333333333333333,0,0,,0.0,0.0,0.0,549,0.00997631428413115,1,0.0,
IKLA,1489.9620356308653,1,0,1,0.0,0,0,,0.0,0.0,0.0,550,0.0021035252018464234,1,0.0,
Totsugeki,1489.9599321056635,1,0,1,0.0,0,0,,0.0,0.0,0.0,551,0.059118003608773506,1,0.0,
Infinity,1489.9008141020547,3,1,2,0.3333333333333333,0,0,,0.0,0.0,0.0,552,0.0337648323159101,1,0.0,
Brave Bears,1489.8670492697388,1,0,1,0.0,0,0,,0.0,0.0,0.0,553,0.06373835927206528,1,0.0,
flowstate,1489.8033109104667,1,0,1,0.0,0,0,,0.0,0.0,0.0,554,0.012041897065273588,1,0.0,
CS-GO.rs,1489.7912690134015,1,0,1,0.0,0,0,,0.0,0.0,0.0,555,0.00718105378200562,1,0.0,
TUSTE CHOPAKI,1489.7840879596195,1,0,1,0.0,0,0,,0.0,0.0,0.0,556,0.0034717464520781505,1,0.0,
JackBoyz,1489.7806162131674,1,0,1,0.0,0,0,,0.0,0.0,0.0,557,0.009667310232998716,1,0.0,
Volt,1489.7709489029344,7,3,4,0.42857142857142855,0,0,,0.0,0.0,0.0,558,0.0010657612308477837,1,0.0,
Bad News Capybaras,1489.7698831417035,1,0,1,0.0,0,0,,0.0,0.0,0.0,559,0.005900962817577238,1,0.0,
HAFO,1489.763982178886,1,0,1,0.0,0,0,,0.0,0.0,0.0,560,0.004725909330090872,1,0.0,
wwaves,1489.7592562695559,1,0,1,0.0,0,0,,0.0,0.0,0.0,561,0.004482058972598679,1,0.0,
COVEN,1489.7547742105833,1,0,1,0.0,0,0,,0.0,0.0,0.0,562,0.00771650734418472,1,0.0,
VODKA,1489.747057703239,1,0,1,0.0,0,0,,0.0,0.0,0.0,563,0.011531062649510204,1,0.0,
The Gentlemans Kennel,1489.7355266405896,1,0,1,0.0,0,0,,0.0,0.0,0.0,564,0.022576246072276263,1,0.0,
Hemmaplan,1489.7129503945173,1,0,1,0.0,0,0,,0.0,0.0,0.0,565,0.0643372780343725,1,0.0,
n00rg,1489.648613116483,1,0,1,0.0,0,0,,0.0,0.0,0.0,566,0.018183525772201392,1,0.0,
Katuna,1489.6304295907107,1,0,1,0.0,0,0,,0.0,0.0,0.0,567,0.002179115793069286,1,0.0,
Cherry Bombs,1489.6282504749176,1,0,1,0.0,0,0,,0.0,0.0,0.0,568,0.013453718265054704,1,0.0,
Starlinks,1489.6147967566526,1,0,1,0.0,0,0,,0.0,0.0,0.0,569,0.0010618600765610609,1,0.0,
GUESS,1489.613734896576,3,1,2,0.3333333333333333,0,0,,0.0,0.0,0.0,570,0.06514793183100664,1,0.0,
moneyF,1489.548586964745,1,0,1,0.0,0,0,,0.0,0.0,0.0,571,0.029472100808789037,1,0.0,
SUPERMATCH,1489.5191148639362,1,0,1,0.0,0,0,,0.0,0.0,0.0,572,0.0008599991631399462,1,0.0,
USA,1489.518254864773,1,0,1,0.0,0,0,,0.0,0.0,0.0,573,0.008750260384886133,1,0.0,
Deathtrap,1489.5095046043882,1,0,1,0.0,0,0,,0.0,0.0,0.0,574,0.01811675947647018,1,0.0,
Viperio,1489.4913878449117,7,3,4,0.42857142857142855,0,0,,0.0,0.0,0.0,575,0.03825087193172294,1,0.0,
Pixel,1489.45313697298,1,0,1,0.0,0,0,,0.0,0.0,0.0,576,0.0017845824786490994,1,0.0,
11mins,1489.4513523905014,3,1,2,0.3333333333333333,0,0,,0.0,0.0,0.0,577,0.0056720314846643305,1,0.0,
LT5,1489.4456803590167,1,0,1,0.0,0,0,,0.0,0.0,0.0,578,0.026677365117393492,1,0.0,
Shanghai Sharks,1489.4190029938993,1,0,1,0.0,0,0,,0.0,0.0,0.0,579,0.01221786978999262,1,0.0,
descalco na neve,1489.4067851241093,1,0,1,0.0,0,0,,0.0,0.0,0.0,580,0.014711328854218664,1,0.0,
Make Your Destiny,1489.392073795255,1,0,1,0.0,0,0,,0.0,0.0,0.0,581,0.021893040754548565,1,0.0,
TALON,1489.3701807545006,3,1,2,0.3333333333333333,0,0,,0.0,0.0,0.0,582,0.0006061544243038952,1,0.0,
Vagrants,1489.3695746000762,3,1,2,0.3333333333333333,0,0,,0.0,0.0,0.0,583,0.010674054602077376,1,0.0,
FengDa,1489.3589005454742,14,6,8,0.42857142857142855,1,6,13.0,0.0,1.0141439191829916e-62,0.006802721088435374,584,0.0297940196237505,1,0.0,17.0
Tsunami Sirens,1489.3291065258504,1,0,1,0.0,0,0,,0.0,0.0,0.0,585,0.006591547813741272,1,0.0,
Imperial Valkyries,1489.3225149780367,3,1,2,0.3333333333333333,0,0,,0.0,0.0,0.0,586,0.014452698702598354,1,0.0,
panelinha,1489.308062279334,1,0,1,0.0,0,0,,0.0,0.0,0.0,587,0.020027663724022204,1,0.0,
Tropa do KinGui,1489.28803461561,3,1,2,0.3333333333333333,0,0,,0.0,0.0,0.0,588,0.0017542792393214768,1,0.0,
NF0,1489.2862803363707,1,0,1,0.0,0,0,,0.0,0.0,0.0,589,0.002253298956247818,1,0.0,
Hyperion,1489.2840270374145,1,0,1,0.0,0,0,,0.0,0.0,0.0,590,0.024978354398626834,1,0.0,
SHPL,1489.2590486830159,1,0,1,0.0,0,0,,0.0,0.0,0.0,591,0.0063199686417192424,1,0.0,
TMVG,1489.2527287143741,1,0,1,0.0,0,0,,0.0,0.0,0.0,592,0.01655524458669788,1,0.0,
ex-Daotsu,1489.2361734697874,1,0,1,0.0,0,0,,0.0,0.0,0.0,593,0.0014864140171084728,1,0.0,
TURAN,1489.2346870557703,1,0,1,0.0,0,0,,0.0,0.0,0.0,594,0.056135619541009874,1,0.0,
Eh,1489.1785514362293,1,0,1,0.0,0,0,,0.0,0.0,0.0,595,0.017740730688046824,1,0.0,
Entropiq,1489.1608107055413,1,0,1,0.0,0,0,,0.0,0.0,0.0,596,0.021674465762998807,1,0.0,
finshhh,1489.1391362397783,1,0,1,0.0,0,0,,0.0,0.0,0.0,597,0.01074794877149543,1,0.0,
Derpy diamond dudes,1489.1283882910068,1,0,1,0.0,0,0,,0.0,0.0,0.0,598,0.002837913976463824,1,0.0,
Preasy,1489.1255503770303,1,0,1,0.0,0,0,,0.0,0.0,0.0,599,0.0018215251420770073,1,0.0,
Monte Gen,1489.1237288518882,3,1,2,0.3333333333333333,0,0,,0.0,0.0,0.0,600,0.011921039062826821,1,0.0,
True Thunder,1489.1118078128254,1,0,1,0.0,0,0,,0.0,0.0,0.0,601,0.014083157609775299,1,0.0,
NA savers,1489.0977246552156,1,0,1,0.0,0,0,,0.0,0.0,0.0,602,0.005993194873781249,1,0.0,
ex-Astralis Talent,1489.0917314603419,1,0,1,0.0,0,0,,0.0,0.0,0.0,603,0.010940128226820889,1,0.0,
REM,1489.080791332115,1,0,1,0.0,0,0,,0.0,0.0,0.0,604,0.01749480124976799,1,0.0,
WG Bandits,1489.0632965308653,1,0,1,0.0,0,0,,0.0,0.0,0.0,605,0.04231536638280886,1,0.0,
Budapest Five,1489.0209811644825,1,0,1,0.0,0,0,,0.0,0.0,0.0,606,0.0024300763875544362,1,0.0,
Unitronics,1489.018551088095,1,0,1,0.0,0,0,,0.0,0.0,0.0,607,0.002713498041885032,1,0.0,
Comanche,1489.015837590053,1,0,1,0.0,0,0,,0.0,0.0,0.0,608,0.009485648291502002,1,0.0,
antigrind,1489.0063519417615,1,0,1,0.0,0,0,,0.0,0.0,0.0,609,0.02981496629945468,1,0.0,
LDLC,1488.976536975462,1,0,1,0.0,0,0,,0.0,0.0,0.0,610,0.006694960447703124,1,0.0,
DQZS,1488.9698420150144,1,0,1,0.0,0,0,,0.0,0.0,0.0,611,0.009328310440650966,1,0.0,
Inner Circle Academy,1488.9605137045737,50,24,26,0.48,0,0,,0.0,0.0,0.0,612,0.04713335213455139,1,12.0,
dice,1488.9133803524392,1,0,1,0.0,0,0,,0.0,0.0,0.0,613,0.0383364452159185,1,0.0,
Messitas,1488.8750439072232,1,0,1,0.0,0,0,,0.0,0.0,0.0,614,0.007820501653668543,1,0.0,
Passion Chicha,1488.8672234055696,1,0,1,0.0,0,0,,0.0,0.0,0.0,615,0.005158437903219237,1,0.0,
WannaNow,1488.8620649676664,1,0,1,0.0,0,0,,0.0,0.0,0.0,616,0.009067653696092748,1,0.0,
B52,1488.8529973139703,1,0,1,0.0,0,0,,0.0,0.0,0.0,617,0.029441643099744397,1,0.0,
The Union,1488.8235556708705,1,0,1,0.0,0,0,,0.0,0.0,0.0,618,0.023555670870564427,1,0.0,
TBD-PL,1488.8,1,0,1,0.0,0,0,,0.0,0.0,0.0,619,0.0,1,0.0,
Rasta,1488.8,1,0,1,0.0,0,0,,0.0,0.0,0.0,620,5.373832709665294e-05,1,0.0,
Antic,1488.7999462616729,1,0,1,0.0,0,0,,0.0,0.0,0.0,621,0.00021310290230758255,1,0.0,
Take Flyte Kings,1488.7997331587706,1,0,1,0.0,0,0,,0.0,0.0,0.0,622,0.0010514959064948926,1,0.0,
DEAC,1488.798681662864,1,0,1,0.0,0,0,,0.0,0.0,0.0,623,0.009459759411129198,1,0.0,
absolute cinema,1488.789221903453,1,0,1,0.0,0,0,,0.0,0.0,0.0,624,0.0034193098383639153,1,0.0,
Capybara,1488.7858025936146,1,0,1,0.0,0,0,,0.0,0.0,0.0,625,0.005200729134912763,1,0.0,
inputprayers,1488.7806018644796,1,0,1,0.0,0,0,,0.0,0.0,0.0,626,0.00313356705919432,1,0.0,
LGR,1488.7774682974205,1,0,1,0.0,0,0,,0.0,0.0,0.0,627,0.011637201889016069,1,0.0,
RBG,1488.7658310955314,1,0,1,0.0,0,0,,0.0,0.0,0.0,628,0.04216152771414272,1,0.0,
japczany,1488.7236695678173,3,1,2,0.3333333333333333,0,0,,0.0,0.0,0.0,629,0.006854713787561195,1,0.0,
DOG,1488.7168148540297,1,0,1,0.0,0,0,,0.0,0.0,0.0,630,0.01773714221803857,1,0.0,
cleanup crew fe,1488.6990777118117,1,0,1,0.0,0,0,,0.0,0.0,0.0,631,0.01936209082100504,1,0.0,
ROYALS,1488.6797156209907,3,1,2,0.3333333333333333,0,0,,0.0,0.0,0.0,632,0.01543050644113464,1,0.0,
TokyoSavage,1488.6642851145496,1,0,1,0.0,0,0,,0.0,0.0,0.0,633,0.009141794294009742,1,0.0,
SKIBIDIES,1488.6551433202555,1,0,1,0.0,0,0,,0.0,0.0,0.0,634,0.00824839619258455,1,0.0,
Walk The Talk,1488.646894924063,1,0,1,0.0,0,0,,0.0,0.0,0.0,635,0.003595687698407346,1,0.0,
OUTPLAYED,1488.6432992363646,1,0,1,0.0,0,0,,0.0,0.0,0.0,636,0.010115053473327862,1,0.0,
ex-Divina fe,1488.6331841828912,1,0,1,0.0,0,0,,0.0,0.0,0.0,637,0.01184705944478992,1,0.0,
Nas,1488.6213371234464,1,0,1,0.0,0,0,,0.0,0.0,0.0,638,0.03435693211099533,1,0.0,
FACEITPLAYERS,1488.5869801913354,1,0,1,0.0,0,0,,0.0,0.0,0.0,639,0.01805631983938838,1,0.0,
Victores Sumus,1488.568923871496,1,0,1,0.0,0,0,,0.0,0.0,0.0,640,0.019992234058690883,1,0.0,
Victus,1488.5489316374374,1,0,1,0.0,0,0,,0.0,0.0,0.0,641,0.041480530542912675,1,0.0,
DNG,1488.5074511068945,1,0,1,0.0,0,0,,0.0,0.0,0.0,642,0.011757599961129017,1,0.0,
JERSA,1488.4956935069333,1,0,1,0.0,0,0,,0.0,0.0,0.0,643,0.011170627290539414,1,0.0,
NinJa,1488.4845228796428,1,0,1,0.0,0,0,,0.0,0.0,0.0,644,0.0021649184577654523,1,0.0,
RVNS,1488.482357961185,1,0,1,0.0,0,0,,0.0,0.0,0.0,645,0.021494301356597134,1,0.0,
NLG,1488.4608636598284,1,0,1,0.0,0,0,,0.0,0.0,0.0,646,2.9674256438738666e-06,1,0.0,
DNA,1488.4608606924028,1,0,1,0.0,0,0,,0.0,0.0,0.0,647,0.005097501457839826,1,0.0,
pugs4contract,1488.455763190945,1,0,1,0.0,0,0,,0.0,0.0,0.0,648,0.001996544701341918,1,0.0,
Meta Academy,1488.4537666462436,1,0,1,0.0,0,0,,0.0,0.0,0.0,649,0.002381731872446835,1,0.0,
MOB,1488.4513849143711,1,0,1,0.0,0,0,,0.0,0.0,0.0,650,0.001057009479836779,1,0.0,
Oilers,1488.4503279048913,1,0,1,0.0,0,0,,0.0,0.0,0.0,651,2.8865536023658933e-06,1,0.0,
Valence,1488.4503250183377,1,0,1,0.0,0,0,,0.0,0.0,0.0,652,0.0005270234410090779,1,0.0,
ex-Heimo,1488.4497979948967,1,0,1,0.0,0,0,,0.0,0.0,0.0,653,0.009589532946165491,1,0.0,
Ape Gang,1488.4402084619505,1,0,1,0.0,0,0,,0.0,0.0,0.0,654,0.0003046543602067686,1,0.0,
Toronto,1488.4399038075903,1,0,1,0.0,0,0,,0.0,0.0,0.0,655,7.562952168882475e-05,1,0.0,
Peak,1488.4398281780686,1,0,1,0.0,0,0,,0.0,0.0,0.0,656,0.0007485709750199021,1,0.0,
hREDS,1488.4390796070936,1,0,1,0.0,0,0,,0.0,0.0,0.0,657,1.5494281342398608e-06,1,0.0,
NorVa's Last Peek,1488.4390780576655,1,0,1,0.0,0,0,,0.0,0.0,0.0,658,0.0019576881145439984,1,0.0,
MANGANESE,1488.437120369551,1,0,1,0.0,0,0,,0.0,0.0,0.0,659,0.037134321990151875,1,0.0,
Davai Napadai,1488.3999860475608,1,0,1,0.0,0,0,,0.0,0.0,0.0,660,0.005181172508400778,1,0.0,
boyband,1488.3948048750524,1,0,1,0.0,0,0,,0.0,0.0,0.0,661,0.030461784414455906,1,0.0,
Exsto,1488.364343090638,1,0,1,0.0,0,0,,0.0,0.0,0.0,662,0.011420146063755965,1,0.0,
makeSHIFT,1488.3529229445742,1,0,1,0.0,0,0,,0.0,0.0,0.0,663,0.04085569253493304,1,0.0,
Washed,1488.3120672520392,1,0,1,0.0,0,0,,0.0,0.0,0.0,664,0.008935830864857053,1,0.0,
Steel Helmet,1488.3031314211744,1,0,1,0.0,0,0,,0.0,0.0,0.0,665,0.014011883533157743,1,0.0,
Polar Ace,1488.2891195376412,1,0,1,0.0,0,0,,0.0,0.0,0.0,666,0.0008861191531650547,1,0.0,
Third Prime,1488.288233418488,1,0,1,0.0,0,0,,0.0,0.0,0.0,667,0.008715695552837133,1,0.0,
Last Dance,1488.2795177229352,1,0,1,0.0,0,0,,0.0,0.0,0.0,668,0.06616602201461319,1,0.0,
AntyDPM,1488.2133517009206,1,0,1,0.0,0,0,,0.0,0.0,0.0,669,0.012690305440173688,1,0.0,
RATIO'D,1488.2006613954804,1,0,1,0.0,0,0,,0.0,0.0,0.0,670,0.015899110332838973,1,0.0,
Orion,1488.1847622851476,1,0,1,0.0,0,0,,0.0,0.0,0.0,671,0.009557468722732665,1,0.0,
Turkey,1488.1752048164249,1,0,1,0.0,0,0,,0.0,0.0,0.0,672,0.005191854765826065,1,0.0,
hindsight,1488.170012961659,1,0,1,0.0,0,0,,0.0,0.0,0.0,673,0.007213665187236984,1,0.0,
HAWAII,1488.1627992964718,1,0,1,0.0,0,0,,0.0,0.0,0.0,674,0.0018347570405694569,1,0.0,
DESEMPREGO,1488.1609645394312,1,0,1,0.0,0,0,,0.0,0.0,0.0,675,0.010910514578426955,1,0.0,
Aogiri,1488.1500540248528,1,0,1,0.0,0,0,,0.0,0.0,0.0,676,0.003191068830574295,1,0.0,
mew,1488.1468629560222,1,0,1,0.0,0,0,,0.0,0.0,0.0,677,0.0026323643176056066,1,0.0,
Cafeina,1488.1442305917046,1,0,1,0.0,0,0,,0.0,0.0,0.0,678,0.011783234120457564,1,0.0,
RAGE,1488.1324473575842,1,0,1,0.0,0,0,,0.0,0.0,0.0,679,0.010153060124594049,1,0.0,
Canada,1488.1222942974596,1,0,1,0.0,0,0,,0.0,0.0,0.0,680,0.025155678647479363,1,0.0,
ex-SABRE,1488.097138618812,1,0,1,0.0,0,0,,0.0,0.0,0.0,681,0.006643648574709005,1,0.0,
WHYKICK,1488.0904949702374,1,0,1,0.0,0,0,,0.0,0.0,0.0,682,0.00842434250603219,1,0.0,
Legends,1488.0820706277314,1,0,1,0.0,0,0,,0.0,0.0,0.0,683,0.007215310145966214,1,0.0,
PF,1488.0748553175854,1,0,1,0.0,0,0,,0.0,0.0,0.0,684,0.009233658681523593,1,0.0,
LFO 3,1488.0656216589039,1,0,1,0.0,0,0,,0.0,0.0,0.0,685,0.012850284670321344,1,0.0,
JFT,1488.0527713742335,1,0,1,0.0,0,0,,0.0,0.0,0.0,686,0.00949387669220414,1,0.0,
Athlon,1488.0432774975413,1,0,1,0.0,0,0,,0.0,0.0,0.0,687,0.005601240056421375,1,0.0,
Rum Bumpers,1488.037676257485,1,0,1,0.0,0,0,,0.0,0.0,0.0,688,0.008150795526717047,1,0.0,
WYDO,1488.0295254619582,1,0,1,0.0,0,0,,0.0,0.0,0.0,689,0.02009453951791329,1,0.0,
FIN,1488.0094309224403,1,0,1,0.0,0,0,,0.0,0.0,0.0,690,0.008871762213175316,1,0.0,
Revenant,1488.000559160227,1,0,1,0.0,0,0,,0.0,0.0,0.0,691,0.016354252531300517,1,0.0,
Magic Cape,1487.9842049076958,1,0,1,0.0,0,0,,0.0,0.0,0.0,692,0.020445971146500597,1,0.0,
HubaBuba,1487.9637589365493,3,1,2,0.3333333333333333,0,0,,0.0,0.0,0.0,693,0.02614330986079949,1,0.0,
Glitchtech,1487.9376156266885,1,0,1,0.0,0,0,,0.0,0.0,0.0,694,0.006995344176402796,1,0.0,
ex-Fire Flux,1487.930620282512,1,0,1,0.0,0,0,,0.0,0.0,0.0,695,0.0092226928038599,1,0.0,
MASQ,1487.9213975897082,1,0,1,0.0,0,0,,0.0,0.0,0.0,696,0.06800632404542739,1,0.0,
Amped,1487.8533912656628,1,0,1,0.0,0,0,,0.0,0.0,0.0,697,0.006747560747953685,1,0.0,
Triumph,1487.8466437049149,1,0,1,0.0,0,0,,0.0,0.0,0.0,698,0.023593363471491102,1,0.0,
ex-500,1487.8230503414434,1,0,1,0.0,0,0,,0.0,0.0,0.0,699,0.022318840507296045,1,0.0,
ex-Fingers Crossed,1487.800731500936,1,0,1,0.0,0,0,,0.0,0.0,0.0,700,0.0038602975184858224,1,0.0,
GODSENT fe,1487.7968712034176,1,0,1,0.0,0,0,,0.0,0.0,0.0,701,0.00012489910204749322,1,0.0,
AY4S,1487.7967463043155,1,0,1,0.0,0,0,,0.0,0.0,0.0,702,0.009688541453215294,1,0.0,
KR,1487.7870577628623,1,0,1,0.0,0,0,,0.0,0.0,0.0,703,0.000341187972253465,1,0.0,
dotStats,1487.78671657489,1,0,1,0.0,0,0,,0.0,0.0,0.0,704,0.015760503128376513,1,0.0,
Insomnia,1487.7709560717617,1,0,1,0.0,0,0,,0.0,0.0,0.0,705,0.006377587237238913,1,0.0,
Disconnected,1487.7645784845245,1,0,1,0.0,0,0,,0.0,0.0,0.0,706,0.00347291611296896,1,0.0,
Grindas,1487.7611055684115,1,0,1,0.0,0,0,,0.0,0.0,0.0,707,0.006681809835299646,1,0.0,
LastWind,1487.7544237585762,1,0,1,0.0,0,0,,0.0,0.0,0.0,708,8.419304322160315e-06,1,0.0,
163ON,1487.7544153392719,1,0,1,0.0,0,0,,0.0,0.0,0.0,709,0.00269088109803306,1,0.0,
mocreias,1487.7517244581738,1,0,1,0.0,0,0,,0.0,0.0,0.0,710,0.022856965553046393,1,0.0,
Norway,1487.7288674926208,1,0,1,0.0,0,0,,0.0,0.0,0.0,711,0.007476526308892062,1,0.0,
NXG,1487.721390966312,1,0,1,0.0,0,0,,0.0,0.0,0.0,712,0.013856211950951547,1,0.0,
Nigel Mirage,1487.707534754361,1,0,1,0.0,0,0,,0.0,0.0,0.0,713,0.00018926405709862593,1,0.0,
Take Charge,1487.7073454903039,1,0,1,0.0,0,0,,0.0,0.0,0.0,714,0.001382250738743096,1,0.0,
NIP Legends,1487.705963239565,1,0,1,0.0,0,0,,0.0,0.0,0.0,715,0.014711318062154533,1,0.0,
Chicken Burger,1487.691251921503,1,0,1,0.0,0,0,,0.0,0.0,0.0,716,0.017684714996221373,1,0.0,
Swole Patrol,1487.6735672065067,1,0,1,0.0,0,0,,0.0,0.0,0.0,717,0.017273221126970384,1,0.0,
way2go,1487.6562939853798,1,0,1,0.0,0,0,,0.0,0.0,0.0,718,0.0012594293414167623,1,0.0,
AK BARS,1487.6550345560383,1,0,1,0.0,0,0,,0.0,0.0,0.0,719,0.0002972198799398029,1,0.0,
Marca Registrada,1487.6547373361584,1,0,1,0.0,0,0,,0.0,0.0,0.0,720,0.04484074493461776,1,0.0,
Post Mortem,1487.6098965912238,1,0,1,0.0,0,0,,0.0,0.0,0.0,721,0.01401420666343256,1,0.0,
Blahaj,1487.5958823845604,1,0,1,0.0,0,0,,0.0,0.0,0.0,722,0.0013239458821772132,1,0.0,
Prison Breakers,1487.5945584386782,5,2,3,0.4,0,0,,0.0,0.0,0.0,723,0.003292276298680008,1,0.0,
Infamous,1487.5912661623795,1,0,1,0.0,0,0,,0.0,0.0,0.0,724,0.04802144278733067,1,0.0,
For Fun,1487.5432447195922,1,0,1,0.0,0,0,,0.0,0.0,0.0,725,0.0007803362555023341,1,0.0,
REIGN,1487.5424643833367,1,0,1,0.0,0,0,,0.0,0.0,0.0,726,0.028335522145425784,1,0.0,
ex-ENCE,1487.5141288611912,1,0,1,0.0,0,0,,0.0,0.0,0.0,727,0.002259663294580605,1,0.0,
Just Passing By,1487.5118691978967,1,0,1,0.0,0,0,,0.0,0.0,0.0,728,0.005448396698739089,1,0.0,
Kraken,1487.506420801198,1,0,1,0.0,0,0,,0.0,0.0,0.0,729,0.022934559692657785,1,0.0,
KLG,1487.4834862415053,1,0,1,0.0,0,0,,0.0,0.0,0.0,730,0.004162658393170204,1,0.0,
Nyxon,1487.479323583112,1,0,1,0.0,0,0,,0.0,0.0,0.0,731,0.010537288176010406,1,0.0,
Dziuseppe,1487.468786294936,3,1,2,0.3333333333333333,0,0,,0.0,0.0,0.0,732,0.0053432210568189475,1,0.0,
iPon,1487.4634430738793,1,0,1,0.0,0,0,,0.0,0.0,0.0,733,0.03108188191708905,1,0.0,
Stone,1487.4323611919622,1,0,1,0.0,0,0,,0.0,0.0,0.0,734,0.013109260800547418,1,0.0,
coluant,1487.4192519311616,1,0,1,0.0,0,0,,0.0,0.0,0.0,735,0.00622063902028458,1,0.0,
iM Apartments,1487.4130312921413,1,0,1,0.0,0,0,,0.0,0.0,0.0,736,0.015571197901181222,1,0.0,
EPIC DUDES,1487.3974600942402,3,1,2,0.3333333333333333,0,0,,0.0,0.0,0.0,737,0.013966375527616037,1,0.0,
GLORE,1487.3834937187125,1,0,1,0.0,0,0,,0.0,0.0,0.0,738,0.03445129747160536,1,0.0,
Kidisgraça,1487.349042421241,1,0,1,0.0,0,0,,0.0,0.0,0.0,739,0.0011905586186458095,1,0.0,
ex-Maestro,1487.3478518626223,1,0,1,0.0,0,0,,0.0,0.0,0.0,740,0.012219891415725215,1,0.0,
Club 333,1487.3356319712066,10,4,6,0.4,0,0,,0.0,0.0,0.0,741,0.013288760719660786,1,0.0,
Parabellum fe,1487.322343210487,1,0,1,0.0,0,0,,0.0,0.0,0.0,742,0.0031834996045745356,1,0.0,
adalYamigos,1487.3191597108823,1,0,1,0.0,0,0,,0.0,0.0,0.0,743,0.017048020634547356,1,0.0,
Mamba mentality,1487.3021116902478,1,0,1,0.0,0,0,,0.0,0.0,0.0,744,0.051823175411300326,1,0.0,
Kungar,1487.2502885148365,1,0,1,0.0,0,0,,0.0,0.0,0.0,745,0.008055071799844882,1,0.0,
ex-RAPTORS EC,1487.2422334430366,1,0,1,0.0,0,0,,0.0,0.0,0.0,746,2.0158257484581554e-05,1,0.0,
Overpeek,1487.2422132847792,1,0,1,0.0,0,0,,0.0,0.0,0.0,747,0.036460837547792835,1,0.0,
By Legends,1487.2057524472314,1,0,1,0.0,0,0,,0.0,0.0,0.0,748,0.054700330785863116,1,0.0,
The Prodigies SE,1487.1510521164455,1,0,1,0.0,0,0,,0.0,0.0,0.0,749,0.03465856526145217,1,0.0,
ATOMIK,1487.116393551184,1,0,1,0.0,0,0,,0.0,0.0,0.0,750,0.07423986177923325,1,0.0,
Green Tea Party,1487.0421536894048,1,0,1,0.0,0,0,,0.0,0.0,0.0,751,0.012779022402355622,1,0.0,
TIMACETA,1487.0293746670025,1,0,1,0.0,0,0,,0.0,0.0,0.0,752,0.02683033674679791,1,0.0,
101EST,1487.0025443302557,1,0,1,0.0,0,0,,0.0,0.0,0.0,753,0.007196956612915528,1,0.0,
Reveal,1486.9953473736427,1,0,1,0.0,0,0,,0.0,0.0,0.0,754,0.11062833720052367,1,0.0,
ex-Marsborne,1486.8847190364422,1,0,1,0.0,0,0,,0.0,0.0,0.0,755,0.0009714088223518047,1,0.0,
Deorum,1486.8837476276199,1,0,1,0.0,0,0,,0.0,0.0,0.0,756,0.019137205632205223,1,0.0,
Argentina,1486.8646104219877,1,0,1,0.0,0,0,,0.0,0.0,0.0,757,0.015272854087925225,1,0.0,
PUBG aim,1486.8493375678997,1,0,1,0.0,0,0,,0.0,0.0,0.0,758,0.006603152408160895,1,0.0,
TeamOne,1486.8427344154916,5,2,3,0.4,0,0,,0.0,0.0,0.0,759,0.04652687382622389,1,0.0,
LL,1486.7962075416654,1,0,1,0.0,0,0,,0.0,0.0,0.0,760,0.011887566556879392,1,0.0,
Fragging for Andy,1486.7843199751085,1,0,1,0.0,0,0,,0.0,0.0,0.0,761,0.002356652754770039,1,0.0,
Divina fe,1486.7819633223537,3,1,2,0.3333333333333333,0,0,,0.0,0.0,0.0,762,0.019068206731617465,1,0.0,
FIGHTERS,1486.762895115622,1,0,1,0.0,0,0,,0.0,0.0,0.0,763,0.016634269840551497,1,0.0,
Super Shy,1486.7462608457815,1,0,1,0.0,0,0,,0.0,0.0,0.0,764,0.051736901682261305,1,0.0,
Midnight,1486.6945239440993,1,0,1,0.0,0,0,,0.0,0.0,0.0,765,0.00481868724727974,1,0.0,
ex-RED Canids,1486.689705256852,1,0,1,0.0,0,0,,0.0,0.0,0.0,766,0.0016204365833800694,1,0.0,
VitaPLUR,1486.6880848202686,1,0,1,0.0,0,0,,0.0,0.0,0.0,767,0.09282022609113483,1,0.0,
OldBoys FR,1486.5952645941775,1,0,1,0.0,0,0,,0.0,0.0,0.0,768,0.026127300614234628,1,0.0,
ImmuNe,1486.5691372935632,1,0,1,0.0,0,0,,0.0,0.0,0.0,769,0.09997408822277976,1,0.0,
Housebets,1486.4691632053405,1,0,1,0.0,0,0,,0.0,0.0,0.0,770,0.0023103366634131817,1,0.0,
Muttley Crew,1486.466852868677,1,0,1,0.0,0,0,,0.0,0.0,0.0,771,0.009812022207142945,1,0.0,
Space,1486.45704084647,5,2,3,0.4,0,0,,0.0,0.0,0.0,772,0.018536784218213143,1,0.0,
Anonymo,1486.4385040622517,5,2,3,0.4,0,0,,0.0,0.0,0.0,773,0.036978806766228445,1,0.0,
Galorys Academy,1486.4015252554855,1,0,1,0.0,0,0,,0.0,0.0,0.0,774,0.02430283970693381,1,0.0,
Old Guys Club,1486.3772224157785,1,0,1,0.0,0,0,,0.0,0.0,0.0,775,0.0005140322782608564,1,0.0,
ex-CPH Wolves,1486.3767083835003,1,0,1,0.0,0,0,,0.0,0.0,0.0,776,0.004172581103830453,1,0.0,
Hooligangsters,1486.3725358023964,1,0,1,0.0,0,0,,0.0,0.0,0.0,777,0.005428501751566728,1,0.0,
Zorka Future,1486.3671073006449,1,0,1,0.0,0,0,,0.0,0.0,0.0,778,0.01625771648605223,1,0.0,
FURIA Academy,1486.3508495841588,1,0,1,0.0,0,0,,0.0,0.0,0.0,779,0.007523838372890168,1,0.0,
HTX,1486.343325745786,1,0,1,0.0,0,0,,0.0,0.0,0.0,780,0.003413616949956122,1,0.0,
ROFLAN SQUAD,1486.339912128836,1,0,1,0.0,0,0,,0.0,0.0,0.0,781,0.07151719100829723,1,0.0,
AimerLegion,1486.2683949378277,1,0,1,0.0,0,0,,0.0,0.0,0.0,782,0.024833628120404683,1,0.0,
Xcity,1486.2435613097073,1,0,1,0.0,0,0,,0.0,0.0,0.0,783,0.03097497374642444,1,0.0,
Fresh Food People,1486.2125863359609,1,0,1,0.0,0,0,,0.0,0.0,0.0,784,0.001823245775540272,1,0.0,
BUFF3D UP,1486.2107630901853,1,0,1,0.0,0,0,,0.0,0.0,0.0,785,0.005518328439848119,1,0.0,
Hawks,1486.2052447617455,1,0,1,0.0,0,0,,0.0,0.0,0.0,786,0.09802645863510406,1,0.0,
Singularity,1486.1072183031104,3,1,2,0.3333333333333333,0,0,,0.0,0.0,0.0,787,0.008698678138443938,1,0.0,
Hacha,1486.098519624972,1,0,1,0.0,0,0,,0.0,0.0,0.0,788,0.050511979779685134,1,0.0,
mXm,1486.0480076451922,4,1,3,0.25,0,0,,0.0,0.0,0.0,789,0.001039713302589007,1,0.0,
Mad Kings,1486.0469679318896,3,1,2,0.3333333333333333,0,0,,0.0,0.0,0.0,790,0.1378303392025373,1,0.0,
Final Feature,1485.909137592687,1,0,1,0.0,0,0,,0.0,0.0,0.0,791,0.039177587988433515,1,0.0,
Abyss,1485.8699600046987,1,0,1,0.0,0,0,,0.0,0.0,0.0,792,0.00997239174898823,1,0.0,
Alter Ego,1485.8599876129497,13,4,9,0.3076923076923077,0,0,,0.0,0.0,0.0,793,0.04521645900626936,1,0.0,
MAGNA,1485.8147711539434,2,0,2,0.0,0,0,,0.0,0.0,0.0,794,0.04080160709690972,1,0.0,
YinYang,1485.7739695468465,3,1,2,0.3333333333333333,0,0,,0.0,0.0,0.0,795,0.1567765743891414,1,0.0,
Blitz,1485.6171929724574,1,0,1,0.0,0,0,,0.0,0.0,0.0,796,0.033403655867914495,1,0.0,
Full House,1485.5837893165894,1,0,1,0.0,0,0,,0.0,0.0,0.0,797,0.07145483685189902,1,0.0,
Passion UA,1485.5123344797375,74,31,43,0.4189189189189189,0,0,,0.0,0.0,0.0,798,0.00873622140147745,1,0.0,
Bad News Bears,1485.503598258336,3,1,2,0.3333333333333333,0,0,,0.0,0.0,0.0,799,0.007741768215510092,1,0.0,
SPORT,1485.4958564901206,1,0,1,0.0,0,0,,0.0,0.0,0.0,800,0.007462812901621874,1,0.0,
VP.Prodigy,1485.488393677219,31,15,16,0.4838709677419355,0,0,,0.0,0.0,0.0,801,0.011316521324715723,1,0.0,
MASSIVEimpact,1485.4770771558942,1,0,1,0.0,0,0,,0.0,0.0,0.0,802,0.0899990511463784,1,0.0,
AVANGAR,1485.3870781047478,1,0,1,0.0,0,0,,0.0,0.0,0.0,803,0.07859400478605494,1,0.0,
DH Premium,1485.3084840999618,1,0,1,0.0,0,0,,0.0,0.0,0.0,804,0.0484436169649598,1,0.0,
Wampirki,1485.2600404829968,3,1,2,0.3333333333333333,0,0,,0.0,0.0,0.0,805,0.11789217354294124,1,0.0,
Heimo,1485.142148309454,1,0,1,0.0,0,0,,0.0,0.0,0.0,806,0.06724870340690359,1,0.0,
Demolition,1485.074899606047,1,0,1,0.0,0,0,,0.0,0.0,0.0,807,0.01136994182138551,1,0.0,
AGA,1485.0635296642256,1,0,1,0.0,0,0,,0.0,0.0,0.0,808,0.05831899417216846,1,0.0,
IHC,1485.0052106700534,7,3,4,0.42857142857142855,0,0,,0.0,0.0,0.0,809,0.07211939688068014,1,0.0,
WeClear,1484.9330912731727,1,0,1,0.0,0,0,,0.0,0.0,0.0,810,0.10594862946982175,1,0.0,
FOLHA AMARELA,1484.827142643703,24,12,12,0.5,0,0,,0.0,0.0,0.0,811,0.0222992937658546,1,0.0,
Desi Boyz,1484.804843349937,1,0,1,0.0,0,0,,0.0,0.0,0.0,812,0.0965635823890807,1,0.0,
Cryptova,1484.708279767548,1,0,1,0.0,0,0,,0.0,0.0,0.0,813,0.013130507066534847,1,0.0,
bullpeek,1484.6951492604815,1,0,1,0.0,0,0,,0.0,0.0,0.0,814,0.1786391315263245,1,0.0,
PRIME,1484.5165101289551,5,2,3,0.4,0,0,,0.0,0.0,0.0,815,0.07421774993963481,1,0.0,
sleepers,1484.4422923790155,1,0,1,0.0,0,0,,0.0,0.0,0.0,816,0.01429084422534288,1,0.0,
1WIN NA,1484.4280015347902,1,0,1,0.0,0,0,,0.0,0.0,0.0,817,0.0010919941221345653,1,0.0,
barry pickers,1484.426909540668,2,0,2,0.0,0,0,,0.0,0.0,0.0,818,0.09167663268362958,1,0.0,
Sissi State Punks,1484.3352329079844,3,1,2,0.3333333333333333,0,0,,0.0,0.0,0.0,819,0.015415854215916625,1,0.0,
Voracity,1484.3198170537685,1,0,1,0.0,0,0,,0.0,0.0,0.0,820,0.04138587986994935,1,0.0,
ex-Eternal Fire,1484.2784311738985,1,0,1,0.0,0,0,,0.0,0.0,0.0,821,0.09858348587363253,1,0.0,
southern lights,1484.179847688025,2,0,2,0.0,0,0,,0.0,0.0,0.0,822,0.0856356029746621,1,0.0,
Citronnade,1484.0942120850502,1,0,1,0.0,0,0,,0.0,0.0,0.0,823,0.031411298820785305,1,0.0,
COPH9K,1484.0628007862294,1,0,1,0.0,0,0,,0.0,0.0,0.0,824,0.009072214937305034,1,0.0,
NineFly,1484.0537285712921,1,0,1,0.0,0,0,,0.0,0.0,0.0,825,0.05675937148225785,1,0.0,
25 cents,1483.9969691998099,2,0,2,0.0,0,0,,0.0,0.0,0.0,826,0.05493927465181514,1,0.0,
PsychoFace,1483.942029925158,33,13,20,0.3939393939393939,0,0,,0.0,0.0,0.0,827,0.024498774009089175,1,10.0,
The MongolZ Academy,1483.917531151149,2,0,2,0.0,0,0,,0.0,0.0,0.0,828,0.05243233442342898,1,0.0,
WATERMELON,1483.8650988167255,6,2,4,0.3333333333333333,0,0,,0.0,0.0,0.0,829,0.0333868483853621,1,0.0,
Invicta,1483.8317119683402,3,1,2,0.3333333333333333,0,0,,0.0,0.0,0.0,830,0.0009120489428369183,1,0.0,
Limitless,1483.8307999193974,3,1,2,0.3333333333333333,0,0,,0.0,0.0,0.0,831,0.15845927385316827,1,0.0,
FRZ,1483.6723406455442,2,0,2,0.0,0,0,,0.0,0.0,0.0,832,0.09557623868113296,1,0.0,
Clutchain,1483.576764406863,4,1,3,0.25,0,0,,0.0,0.0,0.0,833,0.05077512708544418,1,0.0,
winstonblue,1483.5259892797776,1,0,1,0.0,0,0,,0.0,0.0,0.0,834,0.03748989296468608,1,0.0,
mouse,1483.488499386813,4,1,3,0.25,0,0,,0.0,0.0,0.0,835,0.033033337955203024,1,0.0,
Myth,1483.4554660488577,1,0,1,0.0,0,0,,0.0,0.0,0.0,836,0.3960742672629749,1,0.0,
Luminous,1483.0593917815947,2,0,2,0.0,0,0,,0.0,0.0,0.0,837,0.0024110138135711168,1,0.0,
GANK,1483.0569807677812,9,4,5,0.4444444444444444,0,0,,0.0,0.0,0.0,838,0.12781256012249287,1,0.0,
Radford University,1482.9291682076587,2,0,2,0.0,0,0,,0.0,0.0,0.0,839,0.00840792601297835,1,0.0,
Nordic Valor,1482.9207602816457,1,0,1,0.0,0,0,,0.0,0.0,0.0,840,0.025439327881258578,1,0.0,
ENERGYULTRA,1482.8953209537644,3,1,2,0.3333333333333333,0,0,,0.0,0.0,0.0,841,0.12704810402487965,1,0.0,
LFO 7,1482.7682728497396,1,0,1,0.0,0,0,,0.0,0.0,0.0,842,0.03628663853942271,1,0.0,
Arch,1482.7319862112001,7,3,4,0.42857142857142855,0,0,,0.0,0.0,0.0,843,0.16385426753890897,1,1.0,
Orda,1482.5681319436612,3,1,2,0.3333333333333333,0,0,,0.0,0.0,0.0,844,0.08627913609370808,1,8.0,
Galactik rebels,1482.4818528075675,2,0,2,0.0,0,0,,0.0,0.0,0.0,845,0.15875843567687298,1,0.0,
FKOMAR,1482.3230943718906,2,0,2,0.0,0,0,,0.0,0.0,0.0,846,0.02670348046649451,1,0.0,
Re Di,1482.2963908914242,2,0,2,0.0,0,0,,0.0,0.0,0.0,847,0.39864726725431865,1,0.0,
Mythic,1481.8977436241698,18,8,10,0.4444444444444444,0,0,,0.0,0.0,0.0,848,0.034736930800590926,1,0.0,
DRGN,1481.8630066933692,4,1,3,0.25,0,0,,0.0,0.0,0.0,849,0.021137081539336577,1,0.0,
Celestial,1481.84186961183,1,0,1,0.0,0,0,,0.0,0.0,0.0,850,0.025495701991985698,1,0.0,
SadFamous,1481.816373909838,2,0,2,0.0,0,0,,0.0,0.0,0.0,851,0.050719976338996275,1,0.0,
Mc,1481.765653933499,2,0,2,0.0,0,0,,0.0,0.0,0.0,852,0.02559830604900526,1,0.0,
FAVBET,1481.74005562745,56,24,32,0.42857142857142855,0,0,,0.0,0.0,0.0,853,0.035218772552298105,1,0.0,
PIVOSQUAD,1481.7048368548976,2,0,2,0.0,0,0,,0.0,0.0,0.0,854,0.0698347647726223,1,0.0,
NAOCOPULAS,1481.635002090125,2,0,2,0.0,0,0,,0.0,0.0,0.0,855,0.026112104458661634,1,0.0,
boosters,1481.6088899856663,2,0,2,0.0,0,0,,0.0,0.0,0.0,856,0.00974784697132236,1,0.0,
INFINITE Talent,1481.599142138695,2,0,2,0.0,0,0,,0.0,0.0,0.0,857,0.0026743582229755702,1,0.0,
KlanPedrajas,1481.596467780472,2,0,2,0.0,0,0,,0.0,0.0,0.0,858,0.2712967258876233,1,0.0,
MUERTA,1481.3251710545844,4,1,3,0.25,0,0,,0.0,0.0,0.0,859,0.33303180562938905,1,0.0,
Spirit Academy Black,1480.992139248955,2,0,2,0.0,0,0,,0.0,0.0,0.0,860,0.10922074550308025,1,0.0,
XDM,1480.882918503452,2,0,2,0.0,0,0,,0.0,0.0,0.0,861,0.046233985390244925,1,0.0,
Oatzu's Hips,1480.8366845180617,2,0,2,0.0,0,0,,0.0,0.0,0.0,862,0.007857392740561409,1,0.0,
RTT100,1480.8288271253211,2,0,2,0.0,0,0,,0.0,0.0,0.0,863,0.331870423385908,1,0.0,
It's a Secret,1480.4969567019352,2,0,2,0.0,0,0,,0.0,0.0,0.0,864,0.08229179772251882,1,0.0,
fullw,1480.4146649042127,2,0,2,0.0,0,0,,0.0,0.0,0.0,865,0.2401745801028028,1,0.0,
Evo Novo,1480.17449032411,2,0,2,0.0,0,0,,0.0,0.0,0.0,866,0.12749124927108824,1,0.0,
163NEWS,1480.0469990748388,2,0,2,0.0,0,0,,0.0,0.0,0.0,867,0.015330448892882487,1,0.0,
neXtPlease!,1480.031668625946,2,0,2,0.0,0,0,,0.0,0.0,0.0,868,0.10790968446849547,1,0.0,
Exilium,1479.9237589414774,2,0,2,0.0,0,0,,0.0,0.0,0.0,869,0.015775730130371812,1,0.0,
Persona Grata,1479.907983211347,2,0,2,0.0,0,0,,0.0,0.0,0.0,870,0.19798696633847612,1,0.0,
Last Bullet,1479.7099962450086,9,3,6,0.3333333333333333,0,0,,0.0,0.0,0.0,871,0.12132531455040407,1,0.0,
Animus Victoria,1479.5886709304582,10,4,6,0.4,1,7,3.0,0.0,0.07056902381904326,0.0022867367220406128,872,0.06340232684942748,1,0.0,15.0
WiLD,1479.5252686036088,2,0,2,0.0,0,0,,0.0,0.0,0.0,873,0.14524331487950803,1,0.0,
BESTIA Academy,1479.3800252887293,55,22,33,0.4,0,0,,0.0,0.0,0.0,874,0.04404551956099567,1,11.0,
Dark Tigre,1479.3359797691683,2,0,2,0.0,0,0,,0.0,0.0,0.0,875,0.044916024550957445,1,0.0,
RayRay,1479.2910637446173,3,1,2,0.3333333333333333,0,0,,0.0,0.0,0.0,876,0.020105004675770033,1,0.0,
5Actors,1479.2709587399415,5,1,4,0.2,0,0,,0.0,0.0,0.0,877,0.05952662938739195,1,0.0,
Zingaro,1479.2114321105541,2,0,2,0.0,0,0,,0.0,0.0,0.0,878,0.021780239170539062,1,0.0,
Phantom Academy,1479.1896518713836,16,7,9,0.4375,0,0,,0.0,0.0,0.0,879,0.05476049982507902,1,9.0,
flacons,1479.1348913715585,2,0,2,0.0,0,0,,0.0,0.0,0.0,880,0.04279945012422104,1,0.0,
Blazing Beavers,1479.0920919214343,2,0,2,0.0,0,0,,0.0,0.0,0.0,881,0.06869282195134474,1,0.0,
MAZRAEA,1479.023399099483,2,0,2,0.0,0,0,,0.0,0.0,0.0,882,0.035401673849264625,1,0.0,
Nemesis SEA,1478.9879974256337,2,0,2,0.0,0,0,,0.0,0.0,0.0,883,0.016064400766481413,1,0.0,
SAW,1478.9719330248672,104,50,54,0.4807692307692308,1,5,1.0,0.0,1.8067786547097934e-06,0.0023907278087747282,884,0.14201012692501536,1,31.0,2.0
DUSTY,1478.8299228979422,2,0,2,0.0,0,0,,0.0,0.0,0.0,885,0.11486220113715717,1,0.0,
RUSH,1478.715060696805,2,0,2,0.0,0,0,,0.0,0.0,0.0,886,0.04390736486448077,1,3.0,
Festina Lente,1478.6711533319406,2,0,2,0.0,0,0,,0.0,0.0,0.0,887,0.02510614804418765,1,0.0,
byte,1478.6460471838964,2,0,2,0.0,0,0,,0.0,0.0,0.0,888,0.02264847635683509,1,0.0,
Chimera,1478.6233987075395,2,0,2,0.0,0,0,,0.0,0.0,0.0,889,0.12358719409212426,1,0.0,
illwill,1478.4998115134474,58,30,28,0.5172413793103449,0,0,,0.0,0.0,0.0,890,0.025373155751594823,1,0.0,
FUT Academy,1478.4744383576958,4,1,3,0.25,0,0,,0.0,0.0,0.0,891,0.11573263696118374,1,0.0,
BlackBelt,1478.3587057207346,2,0,2,0.0,0,0,,0.0,0.0,0.0,892,0.09533176901209117,1,0.0,
levelONE,1478.2633739517225,2,0,2,0.0,0,0,,0.0,0.0,0.0,893,0.008454945773337386,1,0.0,
FoxHound,1478.2549190059492,2,0,2,0.0,0,0,,0.0,0.0,0.0,894,0.01790929438038802,1,0.0,
Trainwrecks,1478.2370097115688,3,1,2,0.3333333333333333,0,0,,0.0,0.0,0.0,895,0.12269432857647189,1,8.0,
Nouns fe,1478.1143153829923,2,0,2,0.0,0,0,,0.0,0.0,0.0,896,0.06424933654648157,1,0.0,
NC,1478.0500660464459,2,0,2,0.0,0,0,,0.0,0.0,0.0,897,0.037699337405229016,1,0.0,
A FUNDAÇÃO,1478.0123667090406,2,0,2,0.0,0,0,,0.0,0.0,0.0,898,0.02783607089418183,1,0.0,
KG fe,1477.9845306381465,2,0,2,0.0,0,0,,0.0,0.0,0.0,899,0.012651756037712403,1,0.0,
MAXXPOWER,1477.9718788821087,2,0,2,0.0,0,0,,0.0,0.0,0.0,900,0.032417139441122345,1,0.0,
SAAB,1477.9394617426676,2,0,2,0.0,0,0,,0.0,0.0,0.0,901,0.00494684850991689,1,0.0,
Chaos,1477.9345148941577,6,2,4,0.3333333333333333,0,0,,0.0,0.0,0.0,902,0.07109952440873712,1,0.0,
Brahmas,1477.863415369749,3,1,2,0.3333333333333333,0,0,,0.0,0.0,0.0,903,0.024941810183236157,1,0.0,
Ravens,1477.8384735595657,2,0,2,0.0,0,0,,0.0,0.0,0.0,904,0.05449175606031531,1,0.0,
CTNex,1477.7839818035054,2,0,2,0.0,0,0,,0.0,0.0,0.0,905,0.07321733092567229,1,0.0,
ZEVS,1477.7107644725797,2,0,2,0.0,0,0,,0.0,0.0,0.0,906,0.03341578360573294,1,0.0,
Kinoa,1477.677348688974,2,0,2,0.0,0,0,,0.0,0.0,0.0,907,0.059583035073274004,1,0.0,
FLUFFY AIMERS,1477.6177656539007,2,0,2,0.0,0,0,,0.0,0.0,0.0,908,0.024222063426805107,1,0.0,
HAVU,1477.593543590474,103,48,55,0.46601941747572817,0,0,,0.0,0.0,0.0,909,0.21622422284576714,1,12.0,
The Quest,1477.3773193676282,2,0,2,0.0,0,0,,0.0,0.0,0.0,910,0.10171975305934211,1,0.0,
XCLAN,1477.2755996145688,2,0,2,0.0,0,0,,0.0,0.0,0.0,911,0.07799279705636764,1,0.0,
Brazen,1477.1976068175125,2,0,2,0.0,0,0,,0.0,0.0,0.0,912,0.01894711390309567,1,0.0,
Supernova Comets,1477.1786597036094,2,0,2,0.0,0,0,,0.0,0.0,0.0,913,0.029347609758588078,1,0.0,
Aurora Young Blud,1477.1493120938508,18,8,10,0.4444444444444444,0,0,,0.0,0.0,0.0,914,0.16538798704368673,1,0.0,
Dusty Roses,1476.983924106807,2,0,2,0.0,0,0,,0.0,0.0,0.0,915,0.05844313659440559,1,0.0,
Yoru,1476.9254809702127,2,0,2,0.0,0,0,,0.0,0.0,0.0,916,0.09146711414996389,1,0.0,
100RA,1476.8340138560627,2,0,2,0.0,0,0,,0.0,0.0,0.0,917,0.006612475396195805,1,0.0,
FUT Turkuaz,1476.8274013806665,2,0,2,0.0,0,0,,0.0,0.0,0.0,918,0.02960348212354802,1,0.0,
Project Eversio,1476.797797898543,2,0,2,0.0,0,0,,0.0,0.0,0.0,919,0.022011427808820372,1,0.0,
Quem Sao Elas,1476.7757864707341,2,0,2,0.0,0,0,,0.0,0.0,0.0,920,0.020505524344798687,1,0.0,
Legion,1476.7552809463893,7,2,5,0.2857142857142857,0,0,,0.0,0.0,0.0,921,0.0012861100412919768,1,0.0,
SIXSEVEN,1476.753994836348,2,0,2,0.0,0,0,,0.0,0.0,0.0,922,0.09255921093540564,1,0.0,
X13,1476.6614356254127,2,0,2,0.0,0,0,,0.0,0.0,0.0,923,0.044113939957014736,1,0.0,
Luleflames,1476.6173216854556,2,0,2,0.0,0,0,,0.0,0.0,0.0,924,0.14069362294117127,1,0.0,
Giant Pandas,1476.4766280625145,2,0,2,0.0,0,0,,0.0,0.0,0.0,925,0.0015785924360898207,1,0.0,
Eternal 21,1476.4750494700784,2,0,2,0.0,0,0,,0.0,0.0,0.0,926,0.04674492060553348,1,0.0,
nomix,1476.4283045494728,2,0,2,0.0,0,0,,0.0,0.0,0.0,927,0.008105614909709402,1,0.0,
WINDINGO,1476.4201989345631,2,0,2,0.0,0,0,,0.0,0.0,0.0,928,0.0016260007685104938,1,0.0,
LE-LUX,1476.4185729337946,2,0,2,0.0,0,0,,0.0,0.0,0.0,929,0.018867269595375546,1,0.0,
beznegativa,1476.3997056641992,2,0,2,0.0,0,0,,0.0,0.0,0.0,930,0.04665832654063706,1,0.0,
Bad Luck,1476.3530473376586,4,1,3,0.25,0,0,,0.0,0.0,0.0,931,0.015444270634134227,1,0.0,
yngods,1476.3376030670245,9,4,5,0.4444444444444444,0,0,,0.0,0.0,0.0,932,0.008622153952728695,1,0.0,
Four Magic,1476.3289809130717,5,1,4,0.2,0,0,,0.0,0.0,0.0,933,0.04173960596085635,1,0.0,
500 Rush,1476.287241307111,2,0,2,0.0,0,0,,0.0,0.0,0.0,934,0.11677614212158005,1,0.0,
SENZA,1476.1704651649893,2,0,2,0.0,0,0,,0.0,0.0,0.0,935,0.03963332430248556,1,0.0,
NtK,1476.1308318406868,2,0,2,0.0,0,0,,0.0,0.0,0.0,936,0.11713909035302095,1,0.0,
Insiders,1476.0136927503338,2,0,2,0.0,0,0,,0.0,0.0,0.0,937,0.03585800827499952,1,0.0,
Meta,1475.9778347420588,2,0,2,0.0,0,0,,0.0,0.0,0.0,938,0.13525763912116417,1,0.0,
maquinas,1475.8425771029376,2,0,2,0.0,0,0,,0.0,0.0,0.0,939,0.03240742962157128,1,0.0,
Aura,1475.810169673316,2,0,2,0.0,0,0,,0.0,0.0,0.0,940,0.011770428425279533,1,0.0,
Universe,1475.7983992448908,2,0,2,0.0,0,0,,0.0,0.0,0.0,941,0.024129627943693777,1,0.0,
SNOGARD Dragons,1475.774269616947,2,0,2,0.0,0,0,,0.0,0.0,0.0,942,0.01753533177884492,1,0.0,
ex-CSDIILIT,1475.7567342851682,2,0,2,0.0,0,0,,0.0,0.0,0.0,943,0.022472442341950227,1,0.0,
Mousquetaires,1475.7342618428263,16,7,9,0.4375,0,0,,0.0,0.0,0.0,944,0.035344303270221644,1,0.0,
ex-Sashi Academy,1475.698917539556,7,3,4,0.42857142857142855,0,0,,0.0,0.0,0.0,945,0.00912942392506011,1,0.0,
Zeste,1475.689788115631,2,0,2,0.0,0,0,,0.0,0.0,0.0,946,0.03501233606812093,1,0.0,
Squared,1475.654775779563,2,0,2,0.0,0,0,,0.0,0.0,0.0,947,0.09749054736425933,1,0.0,
Dark Tigers,1475.5572852321986,2,0,2,0.0,0,0,,0.0,0.0,0.0,948,0.016400135864842014,1,0.0,
Flame Sharks,1475.5408850963338,4,1,3,0.25,0,0,,0.0,0.0,0.0,949,0.03029110198599483,1,0.0,
Reactor 9,1475.5105939943478,3,0,3,0.0,0,0,,0.0,0.0,0.0,950,0.15916357854166563,1,0.0,
DAMAJUANA,1475.3514304158061,2,0,2,0.0,0,0,,0.0,0.0,0.0,951,0.4524873840334749,1,0.0,
INFURITY,1474.8989430317727,2,0,2,0.0,0,0,,0.0,0.0,0.0,952,0.15401118761224097,1,0.0,
Ølgod Efterskole,1474.7449318441604,2,0,2,0.0,0,0,,0.0,0.0,0.0,953,0.09095923057270738,1,0.0,
ECLOT,1474.6539726135877,32,13,19,0.40625,0,0,,0.0,0.0,0.0,954,0.036915555430596214,1,0.0,
ADN,1474.6170570581571,2,0,2,0.0,0,0,,0.0,0.0,0.0,955,0.02100481704201229,1,0.0,
HAVENs,1474.596052241115,2,0,2,0.0,0,0,,0.0,0.0,0.0,956,0.3788698129101249,1,0.0,
LAGUNA,1474.217182428205,2,0,2,0.0,0,0,,0.0,0.0,0.0,957,0.20064014266199592,1,0.0,
Dhala,1474.016542285543,2,0,2,0.0,0,0,,0.0,0.0,0.0,958,0.12516905488064367,1,0.0,
LFO 6,1473.8913732306623,2,0,2,0.0,0,0,,0.0,0.0,0.0,959,0.3023263014231361,1,0.0,
NIC,1473.5890469292392,3,0,3,0.0,0,0,,0.0,0.0,0.0,960,0.1917721901756977,1,0.0,
Worms,1473.3972747390635,2,0,2,0.0,0,0,,0.0,0.0,0.0,961,0.030658225029810637,1,0.0,
METANOIA,1473.3666165140337,3,0,3,0.0,0,0,,0.0,0.0,0.0,962,0.03955527844368589,1,0.0,
DALUYONG,1473.32706123559,2,0,2,0.0,0,0,,0.0,0.0,0.0,963,0.015875614358947132,1,0.0,
girl kissers,1473.311185621231,2,0,2,0.0,0,0,,0.0,0.0,0.0,964,0.2693585924535,1,0.0,
Falcons Force,1473.0418270287776,34,13,21,0.38235294117647056,0,0,,0.0,0.0,0.0,965,0.0019546233152141212,1,9.0,
raisedbypixels,1473.0398724054623,2,0,2,0.0,0,0,,0.0,0.0,0.0,966,0.05250749441188418,1,0.0,
showmakerz,1472.9873649110505,2,0,2,0.0,0,0,,0.0,0.0,0.0,967,0.1263662740500422,1,0.0,
The Suspect,1472.8609986370004,2,0,2,0.0,0,0,,0.0,0.0,0.0,968,0.03350090586332044,1,0.0,
Morningstar,1472.827497731137,7,2,5,0.2857142857142857,0,0,,0.0,0.0,0.0,969,0.15821729142589902,1,0.0,
Kreazion,1472.6692804397112,2,0,2,0.0,0,0,,0.0,0.0,0.0,970,0.10419926449753802,1,0.0,
Vandulken,1472.5650811752137,2,0,2,0.0,0,0,,0.0,0.0,0.0,971,0.07911741932798577,1,0.0,
ex-GUARA,1472.4859637558857,2,0,2,0.0,0,0,,0.0,0.0,0.0,972,0.034661999264244514,1,0.0,
Orion Wanderers,1472.4513017566214,2,0,2,0.0,0,0,,0.0,0.0,0.0,973,0.025511635644306807,1,0.0,
95 Vikings,1472.4257901209771,2,0,2,0.0,0,0,,0.0,0.0,0.0,974,0.005387921591818667,1,0.0,
Vael,1472.4204021993853,2,0,2,0.0,0,0,,0.0,0.0,0.0,975,0.0272646685680229,1,0.0,
Linx Legacy,1472.3931375308173,2,0,2,0.0,0,0,,0.0,0.0,0.0,976,0.203489186978004,1,0.0,
Finishers,1472.1896483438393,2,0,2,0.0,0,0,,0.0,0.0,0.0,977,0.1205352213594324,1,2.0,
Overtake Sector,1472.0691131224798,11,4,7,0.36363636363636365,0,0,,0.0,0.0,0.0,978,0.07067732980453911,1,7.0,
ABT,1471.9984357926753,2,0,2,0.0,0,0,,0.0,0.0,0.0,979,0.03125260223555415,1,0.0,
Banger Gang,1471.9671831904398,2,0,2,0.0,0,0,,0.0,0.0,0.0,980,0.026001480506920416,1,0.0,
mindshock,1471.9411817099328,2,0,2,0.0,0,0,,0.0,0.0,0.0,981,0.07038856890267198,1,0.0,
ClayMakers,1471.8707931410302,3,0,3,0.0,0,0,,0.0,0.0,0.0,982,0.024605286802852788,1,0.0,
Canon Event,1471.8461878542273,2,0,2,0.0,0,0,,0.0,0.0,0.0,983,0.01886316893978801,1,0.0,
Lazer Cats,1471.8273246852875,100,36,64,0.36,2,10,5.0,0.0007557864903164856,4.828601020894447e-38,0.007516726233078416,984,0.13779680349898626,1,10.0,10.0
ex-Young Ninjas,1471.6895278817885,4,1,3,0.25,0,0,,0.0,0.0,0.0,985,0.03271576240626928,1,0.0,
Money Crew,1471.6568121193823,5,1,4,0.2,0,0,,0.0,0.0,0.0,986,0.053533240848992136,1,0.0,
Surge,1471.6032788785333,3,0,3,0.0,0,0,,0.0,0.0,0.0,987,0.32191525949792776,1,0.0,
Sensation,1471.2813636190353,5,1,4,0.2,0,0,,0.0,0.0,0.0,988,0.010570599384664092,1,0.0,
UnderDogs,1471.2707930196507,5,1,4,0.2,0,0,,0.0,0.0,0.0,989,0.0016136772883328376,1,0.0,
Masked Regime,1471.2691793423623,2,0,2,0.0,0,0,,0.0,0.0,0.0,990,0.07129939489618664,1,0.0,
seoul,1471.1978799474662,2,0,2,0.0,0,0,,0.0,0.0,0.0,991,0.08876667256322435,1,0.0,
GamersLab,1471.109113274903,4,1,3,0.25,0,0,,0.0,0.0,0.0,992,0.23137644528742385,1,0.0,
EXSAD,1470.8777368296155,3,0,3,0.0,0,0,,0.0,0.0,0.0,993,0.03265569925542877,1,0.0,
Grêmio,1470.84508113036,10,4,6,0.4,0,0,,0.0,0.0,0.0,994,0.16720986438690488,1,6.0,
VTM,1470.6778712659732,3,0,3,0.0,0,0,,0.0,0.0,0.0,995,0.023492549599268386,1,0.0,
LA MASIA,1470.654378716374,2,0,2,0.0,0,0,,0.0,0.0,0.0,996,0.003980525235647292,1,0.0,
Nordic Partners,1470.6503981911383,3,0,3,0.0,0,0,,0.0,0.0,0.0,997,0.10133098182222966,1,14.0,
ENCE Academy,1470.549067209316,38,17,21,0.4473684210526316,0,0,,0.0,0.0,0.0,998,0.14189130799786653,1,0.0,
The Boys,1470.4071759013182,2,0,2,0.0,0,0,,0.0,0.0,0.0,999,0.012452601683435205,1,0.0,
Impulse GW,1470.3947232996347,3,0,3,0.0,0,0,,0.0,0.0,0.0,1000,0.03927703484873746,1,0.0,
Straight2Killin,1470.355446264786,3,0,3,0.0,0,0,,0.0,0.0,0.0,1001,0.024440790830567494,1,0.0,
Banda Chuya,1470.3310054739554,2,0,2,0.0,0,0,,0.0,0.0,0.0,1002,0.07907882490758311,1,0.0,
Limitless Angels,1470.2519266490478,3,0,3,0.0,0,0,,0.0,0.0,0.0,1003,0.04041488053599096,1,0.0,
QueenConso,1470.2115117685119,2,0,2,0.0,0,0,,0.0,0.0,0.0,1004,0.01084628168700874,1,0.0,
Saints,1470.2006654868248,3,0,3,0.0,0,0,,0.0,0.0,0.0,1005,0.020888269460101583,1,0.0,
AimAssasins,1470.1797772173647,2,0,2,0.0,0,0,,0.0,0.0,0.0,1006,0.16500142637505633,1,0.0,
dJ uNT frIENDS,1470.0147757909897,2,0,2,0.0,0,0,,0.0,0.0,0.0,1007,0.052035792713923,1,0.0,
gang albanii,1469.9627399982758,2,0,2,0.0,0,0,,0.0,0.0,0.0,1008,0.301976012736759,1,0.0,
Gaimin Gladiators,1469.660763985539,43,17,26,0.3953488372093023,0,0,,0.0,0.0,0.0,1009,0.022392356706859573,1,0.0,
DETONATE SparX,1469.6383716288321,3,0,3,0.0,0,0,,0.0,0.0,0.0,1010,0.14513792594379993,1,0.0,
EGOISTO,1469.4932337028883,3,0,3,0.0,0,0,,0.0,0.0,0.0,1011,0.35490348007510875,1,0.0,
KZG,1469.1383302228132,15,7,8,0.4666666666666667,1,6,3.0,0.0,0.02856100783429396,0.0023957202732370533,1012,0.10460406491802132,1,0.0,15.0
BMZ,1469.0337261578952,13,4,9,0.3076923076923077,0,0,,0.0,0.0,0.0,1013,0.07120366638628184,1,0.0,
PEAK fe,1468.962522491509,3,0,3,0.0,0,0,,0.0,0.0,0.0,1014,0.21844854007781578,1,0.0,
BIG EQUIPA,1468.7440739514311,5,1,4,0.2,0,0,,0.0,0.0,0.0,1015,0.3863780386450344,1,0.0,
boomer demons,1468.357695912786,3,0,3,0.0,0,0,,0.0,0.0,0.0,1016,0.1039765994210029,1,0.0,
Dusty Roots,1468.253719313365,12,4,8,0.3333333333333333,0,0,,0.0,0.0,0.0,1017,0.00560326564504976,1,0.0,
Zealous,1468.24811604772,3,0,3,0.0,0,0,,0.0,0.0,0.0,1018,0.2303332588101057,1,0.0,
Minkens finest,1468.01778278891,3,0,3,0.0,0,0,,0.0,0.0,0.0,1019,0.01600565701096457,1,0.0,
FURIA fe,1468.001777131899,35,20,15,0.5714285714285714,2,21,9.0,0.0,5.767341607097112e-27,0.007807363963693121,1020,0.3462735770515337,1,0.0,18.0
Envy,1467.6555035548474,6,2,4,0.3333333333333333,1,5,1.0,0.0,1.7645382357016568e-06,0.002858666378062859,1021,0.29442520673092076,1,0.0,11.0
X7,1467.3610783481165,3,0,3,0.0,0,0,,0.0,0.0,0.0,1022,0.08398530566864792,1,0.0,
FromPR,1467.2770930424479,3,0,3,0.0,0,0,,0.0,0.0,0.0,1023,0.04500227627067943,1,0.0,
Oxuji,1467.2320907661772,49,18,31,0.3673469387755102,1,5,6.0,0.0,1.948979245451779e-50,0.004278535953362494,1024,0.05290508923621928,1,0.0,9.0
A Great Chaos,1467.179185676941,3,0,3,0.0,0,0,,0.0,0.0,0.0,1025,0.003025445361117818,1,0.0,
WAZABI,1467.1761602315798,9,3,6,0.3333333333333333,0,0,,0.0,0.0,0.0,1026,0.5378409929089685,1,0.0,
TSG,1466.6383192386709,7,2,5,0.2857142857142857,0,0,,0.0,0.0,0.0,1027,0.09010675500485377,1,0.0,
NOMERCY,1466.548212483666,4,0,4,0.0,0,0,,0.0,0.0,0.0,1028,0.08787924757825749,1,0.0,
FOKUS REALITY,1466.4603332360878,3,0,3,0.0,0,0,,0.0,0.0,0.0,1029,0.004859012198721757,1,0.0,
JANO,1466.455474223889,5,1,4,0.2,0,0,,0.0,0.0,0.0,1030,0.12494788198023343,1,0.0,
playersclub,1466.3305263419088,7,2,5,0.2857142857142857,0,0,,0.0,0.0,0.0,1031,0.0028038248267421295,1,0.0,
Z7,1466.327722517082,3,0,3,0.0,0,0,,0.0,0.0,0.0,1032,0.01273962835034581,1,0.0,
LUNA,1466.3149828887317,3,0,3,0.0,0,0,,0.0,0.0,0.0,1033,0.11634350791746328,1,0.0,
premdesant,1466.1986393808143,3,0,3,0.0,0,0,,0.0,0.0,0.0,1034,0.004657900121401326,1,0.0,
NEW VISION,1466.1939814806929,34,15,19,0.4411764705882353,0,0,,0.0,0.0,0.0,1035,0.06788535407144991,1,8.0,
Sidequest,1466.1260961266214,3,0,3,0.0,0,0,,0.0,0.0,0.0,1036,0.03277506921449458,1,0.0,
DNK,1466.093321057407,4,1,3,0.25,0,0,,0.0,0.0,0.0,1037,0.014020041337516886,1,0.0,
premghouls,1466.0793010160694,3,0,3,0.0,0,0,,0.0,0.0,0.0,1038,0.00030660091260870104,1,0.0,
FORZE Reload,1466.0789944151568,108,54,54,0.5,0,0,,0.0,0.0,0.0,1039,0.23245958473467,1,8.0,
EMPIRE,1465.8465348304221,11,4,7,0.36363636363636365,1,5,2.0,0.0,1.1130263629945418e-20,0.002755543555207012,1040,0.05744433604763799,1,0.0,12.0
KHAN,1465.7890904943745,3,0,3,0.0,0,0,,0.0,0.0,0.0,1041,0.08359235463171899,1,0.0,
BA 2,1465.7054981397428,3,0,3,0.0,0,0,,0.0,0.0,0.0,1042,0.359627407393873,1,0.0,
Spirit HU,1465.3458707323489,9,3,6,0.3333333333333333,0,0,,0.0,0.0,0.0,1043,0.20128520860271237,1,7.0,
KRÜ,1465.1445855237462,18,7,11,0.3888888888888889,0,0,,0.0,0.0,0.0,1044,0.20277549501520298,1,0.0,
Illuminar,1464.941810028731,7,2,5,0.2857142857142857,0,0,,0.0,0.0,0.0,1045,0.27961575306062514,1,0.0,
Just Swing,1464.6621942756703,10,3,7,0.3,0,0,,0.0,0.0,0.0,1046,0.006051790795481793,1,0.0,
Trouble makers,1464.6561424848749,2,0,2,0.0,0,0,,0.0,0.0,0.0,1047,0.021543512651078345,1,0.0,
BORING PLAYERS,1464.6345989722238,8,2,6,0.25,0,0,,0.0,0.0,0.0,1048,0.14854139525709797,1,0.0,
W7M fe,1464.4860575769667,5,1,4,0.2,0,0,,0.0,0.0,0.0,1049,0.05831085327099572,1,0.0,
9BOOMPRO,1464.4277467236957,10,3,7,0.3,0,0,,0.0,0.0,0.0,1050,0.150388146743353,1,0.0,
8Sins,1464.2773585769523,7,2,5,0.2857142857142857,0,0,,0.0,0.0,0.0,1051,0.0828640811596415,1,0.0,
train launcher,1464.1944944957927,8,3,5,0.375,0,0,,0.0,0.0,0.0,1052,0.03145132148893026,1,7.0,
MARKandLARRY,1464.1630431743038,8,2,6,0.25,0,0,,0.0,0.0,0.0,1053,0.09795858355232667,1,0.0,
Flying Angels,1464.0650845907514,3,0,3,0.0,0,0,,0.0,0.0,0.0,1054,0.2727264354396084,1,0.0,
ELITES,1463.7923581553118,3,0,3,0.0,0,0,,0.0,0.0,0.0,1055,0.1796937256858655,1,0.0,
VRSoholics,1463.612664429626,3,0,3,0.0,0,0,,0.0,0.0,0.0,1056,0.2933754001651323,1,0.0,
ZOTIX,1463.3192890294608,3,0,3,0.0,0,0,,0.0,0.0,0.0,1057,0.026319618570141756,1,0.0,
Nexus,1463.2929694108907,117,51,66,0.4358974358974359,0,0,,0.0,0.0,0.0,1058,0.07220079018566139,1,11.0,
Haemus,1463.220768620705,3,0,3,0.0,0,0,,0.0,0.0,0.0,1059,0.2356593792842432,1,0.0,
eSuba,1462.9851092414208,7,2,5,0.2857142857142857,0,0,,0.0,0.0,0.0,1060,0.0617964636828674,1,0.0,
Square Sausages,1462.923312777738,3,0,3,0.0,0,0,,0.0,0.0,0.0,1061,0.19960533686298731,1,0.0,
PURE,1462.723707440875,16,6,10,0.375,0,0,,0.0,0.0,0.0,1062,0.3472977885255659,1,11.0,
BeBold,1462.3764096523494,3,0,3,0.0,0,0,,0.0,0.0,0.0,1063,0.1540270450548178,1,0.0,
Floripa Stars,1462.2223826072945,3,0,3,0.0,0,0,,0.0,0.0,0.0,1064,0.04877282303687025,1,0.0,
Citron,1462.1736097842577,3,0,3,0.0,0,0,,0.0,0.0,0.0,1065,0.14850725957990107,1,0.0,
AKA HERO KAJO,1462.0251025246778,3,0,3,0.0,0,0,,0.0,0.0,0.0,1066,0.15621098592305316,1,0.0,
anything else,1461.8688915387547,5,1,4,0.2,0,0,,0.0,0.0,0.0,1067,0.42956589661048383,1,0.0,
Diamant,1461.4393256421442,9,3,6,0.3333333333333333,0,0,,0.0,0.0,0.0,1068,0.028054247349245998,1,1.0,
Arise,1461.411271394795,4,0,4,0.0,0,0,,0.0,0.0,0.0,1069,0.13387998398889067,1,0.0,
Gatorian,1461.277391410806,3,0,3,0.0,0,0,,0.0,0.0,0.0,1070,0.03965811207058323,1,0.0,
Y5,1461.2377332987355,3,0,3,0.0,0,0,,0.0,0.0,0.0,1071,0.63897895873788,1,0.0,
AMKAL,1460.5987543399976,18,8,10,0.4444444444444444,0,0,,0.0,0.0,0.0,1072,0.0686942460345108,1,0.0,
Young TigeRES,1460.5300600939631,5,1,4,0.2,0,0,,0.0,0.0,0.0,1073,0.358837469628952,1,5.0,
AIRLYA,1460.1712226243342,3,0,3,0.0,0,0,,0.0,0.0,0.0,1074,0.3015905771214875,1,0.0,
MGLBROS,1459.8696320472127,3,0,3,0.0,0,0,,0.0,0.0,0.0,1075,0.11151162597843722,1,0.0,
MINLATE,1459.7581204212343,21,8,13,0.38095238095238093,0,0,,0.0,0.0,0.0,1076,0.25690002067085516,1,0.0,
Aimhaus,1459.5012204005634,3,0,3,0.0,0,0,,0.0,0.0,0.0,1077,0.0038068297089921543,1,0.0,
SINQU REHTI,1459.4974135708544,5,1,4,0.2,0,0,,0.0,0.0,0.0,1078,0.3541682463196594,1,0.0,
Tricksters,1459.1432453245347,19,7,12,0.3684210526315789,0,0,,0.0,0.0,0.0,1079,0.19581267279772874,1,6.0,
SAW Youngsters,1458.947432651737,39,18,21,0.46153846153846156,0,0,,0.0,0.0,0.0,1080,0.05969317722724554,1,13.0,
ENRAGE,1458.8877394745098,3,0,3,0.0,0,0,,0.0,0.0,0.0,1081,0.08327206574540469,1,0.0,
Winners,1458.8044674087644,4,0,4,0.0,0,0,,0.0,0.0,0.0,1082,0.16065024895533497,1,0.0,
Hashiras,1458.643817159809,26,11,15,0.4230769230769231,0,0,,0.0,0.0,0.0,1083,0.4018745144510376,1,0.0,
ex-MANA,1458.241942645358,30,13,17,0.43333333333333335,0,0,,0.0,0.0,0.0,1084,0.13322983266493793,1,11.0,
Fuego,1458.108712812693,4,0,4,0.0,0,0,,0.0,0.0,0.0,1085,0.15110058824848238,1,0.0,
Drama,1457.9576122244446,6,1,5,0.16666666666666666,0,0,,0.0,0.0,0.0,1086,0.1103411961605616,1,0.0,
Phoenix,1457.847271028284,7,1,6,0.14285714285714285,0,0,,0.0,0.0,0.0,1087,0.23361388949479078,1,0.0,
Sangal Academy,1457.6136571387892,4,0,4,0.0,0,0,,0.0,0.0,0.0,1088,0.07491800362163303,1,0.0,
GRINGOS,1457.5387391351676,4,0,4,0.0,0,0,,0.0,0.0,0.0,1089,1.124892693194397,1,0.0,
Venom,1456.4138464419732,19,7,12,0.3684210526315789,0,0,,0.0,0.0,0.0,1090,0.3683390310820869,1,0.0,
Younglings,1456.045507410891,4,0,4,0.0,0,0,,0.0,0.0,0.0,1091,0.017168041065133366,1,0.0,
Hermine,1456.028339369826,3,0,3,0.0,0,0,,0.0,0.0,0.0,1092,0.02749631791812135,1,0.0,
Ghost,1456.0008430519079,11,4,7,0.36363636363636365,0,0,,0.0,0.0,0.0,1093,0.05848636916675787,1,0.0,
Coalesce,1455.942356682741,84,41,43,0.4880952380952381,0,0,,0.0,0.0,0.0,1094,0.43631218477639777,1,10.0,
ZWAW,1455.5060444979647,3,0,3,0.0,0,0,,0.0,0.0,0.0,1095,0.27464038656967205,1,0.0,
Boys N Da HUD,1455.231404111395,4,0,4,0.0,0,0,,0.0,0.0,0.0,1096,0.30834155095499227,1,0.0,
Sakura,1454.92306256044,5,0,5,0.0,0,0,,0.0,0.0,0.0,1097,0.29492568075829695,1,0.0,
Curralzinho,1454.6281368796817,4,0,4,0.0,0,0,,0.0,0.0,0.0,1098,0.09986227553122262,1,0.0,
MOUZ NXT,1454.5282746041505,117,57,60,0.48717948717948717,1,5,5.0,0.0,1.1490076329405163e-37,0.0036622179851485736,1099,0.13349500635854383,1,12.0,10.0
BBBMBCBS,1454.394779597792,5,0,5,0.0,0,0,,0.0,0.0,0.0,1100,0.019917766895332534,1,0.0,
Wave,1454.3748618308966,5,1,4,0.2,0,0,,0.0,0.0,0.0,1101,0.025815108831466205,1,0.0,
OverKnight,1454.3490467220652,8,2,6,0.25,0,0,,0.0,0.0,0.0,1102,0.14465399622122277,1,0.0,
Beyond Limits,1454.204392725844,6,1,5,0.16666666666666666,0,0,,0.0,0.0,0.0,1103,0.27843422257751627,1,3.0,
GAMEHARMONY,1453.9259585032664,4,0,4,0.0,0,0,,0.0,0.0,0.0,1104,0.06970990765648821,1,0.0,
Entropy,1453.85624859561,74,33,41,0.44594594594594594,0,0,,0.0,0.0,0.0,1105,0.05106661828926917,1,11.0,
Fuzos,1453.8051819773207,13,5,8,0.38461538461538464,0,0,,0.0,0.0,0.0,1106,0.24643879618224673,1,0.0,
FarmVille,1453.5587431811384,14,4,10,0.2857142857142857,0,0,,0.0,0.0,0.0,1107,0.471475178710989,1,0.0,
IDoPieca,1453.0872680024274,5,0,5,0.0,0,0,,0.0,0.0,0.0,1108,0.11328103862183525,1,0.0,
Cloud9,1452.9739869638056,8,2,6,0.25,0,0,,0.0,0.0,0.0,1109,0.3680471767090694,1,0.0,
CHAOS,1452.6059397870965,4,0,4,0.0,0,0,,0.0,0.0,0.0,1110,0.22627246995534733,1,0.0,
JUMBO,1452.3796673171412,7,1,6,0.14285714285714285,0,0,,0.0,0.0,0.0,1111,0.015689621473029547,1,0.0,
Strael Bora,1452.3639776956682,16,6,10,0.375,0,0,,0.0,0.0,0.0,1112,0.27399202189940297,1,8.0,
BERG,1452.0899856737688,15,6,9,0.4,0,0,,0.0,0.0,0.0,1113,0.08496249616905516,1,7.0,
MIBR Academy,1452.0050231775997,55,20,35,0.36363636363636365,4,23,1.0,0.0008030231459612659,1.8878563123692427e-07,0.005884170701383021,1114,0.257639380494993,1,0.0,13.0
M1X KS,1451.7473837971047,10,3,7,0.3,0,0,,0.0,0.0,0.0,1115,0.08964743602064118,1,0.0,
Skele,1451.657736361084,12,3,9,0.25,1,5,3.0,0.0,0.04544383003723971,0.0019620166321987352,1116,0.4342104299626044,1,0.0,15.0
Nocturnal,1451.2235259311215,5,0,5,0.0,0,0,,0.0,0.0,0.0,1117,0.07433464264295253,1,0.0,
Lotus fe,1451.1491912884785,6,0,6,0.0,1,6,10.0,0.0,1.004601370497898e-40,0.0038364236645121916,1118,0.033949043845268534,1,0.0,19.0
Qual4,1451.1152422446332,4,0,4,0.0,0,0,,0.0,0.0,0.0,1119,0.04577582558272297,1,0.0,
Akimbo,1451.0694664190505,11,3,8,0.2727272727272727,0,0,,0.0,0.0,0.0,1120,0.1119131883388036,1,0.0,
LITE,1450.9575532307117,5,0,5,0.0,0,0,,0.0,0.0,0.0,1121,0.5163177816582447,1,0.0,
Dark Moon,1450.4412354490535,7,1,6,0.14285714285714285,0,0,,0.0,0.0,0.0,1122,0.09402272846773485,1,0.0,
Four Magic fe,1450.3472127205857,5,0,5,0.0,0,0,,0.0,0.0,0.0,1123,0.10576282349211397,1,0.0,
CTRL,1450.2414498970936,6,1,5,0.16666666666666666,0,0,,0.0,0.0,0.0,1124,2.0532716737770897,1,4.0,
MEIA NOITE,1448.1881782233165,5,1,4,0.2,0,0,,0.0,0.0,0.0,1125,0.9824076947656977,1,0.0,
Ding Cuts,1447.2057705285508,11,3,8,0.2727272727272727,0,0,,0.0,0.0,0.0,1126,0.527858431753657,1,0.0,
Complexity,1446.6779120967972,16,6,10,0.375,1,5,1.0,0.0,1.7645382357016568e-06,0.002858666378062859,1127,0.6296422551874912,1,0.0,11.0
Charrados,1446.0482698416097,7,1,6,0.14285714285714285,0,0,,0.0,0.0,0.0,1128,0.5782254058615308,1,0.0,
Dripmen,1445.4700444357482,11,3,8,0.2727272727272727,0,0,,0.0,0.0,0.0,1129,0.2677317604234304,1,0.0,
Pugdesonesto,1445.2023126753247,4,0,4,0.0,0,0,,0.0,0.0,0.0,1130,0.18608461998610437,1,0.0,
Reign Above,1445.0162280553386,12,2,10,0.16666666666666666,0,0,,0.0,0.0,0.0,1131,0.04240406851067746,1,0.0,
Avanti,1444.973823986828,6,0,6,0.0,0,0,,0.0,0.0,0.0,1132,0.33276489360059713,1,0.0,
THE UNIT,1444.6410590932273,10,2,8,0.2,0,0,,0.0,0.0,0.0,1133,0.35661502557672975,1,11.0,
XI,1444.2844440676506,7,1,6,0.14285714285714285,0,0,,0.0,0.0,0.0,1134,0.1326579215296988,1,0.0,
Rare Atom,1444.151786146121,41,13,28,0.3170731707317073,2,14,4.0,0.0,8.39849356191777e-22,0.005555872744442106,1135,0.14055738588513123,1,0.0,7.0
brazylijski luz,1444.0112287602358,29,10,19,0.3448275862068966,0,0,,0.0,0.0,0.0,1136,0.7190661072809235,1,0.0,
DUNDU,1443.2921626529549,5,0,5,0.0,0,0,,0.0,0.0,0.0,1137,0.045839557505587436,1,0.0,
Ascend,1443.2463230954493,5,0,5,0.0,0,0,,0.0,0.0,0.0,1138,0.0028388371176788496,1,0.0,
Betera,1443.2434842583316,26,9,17,0.34615384615384615,0,0,,0.0,0.0,0.0,1139,1.2370204781302618,1,0.0,
aimclub,1442.0064637802013,77,33,44,0.42857142857142855,0,0,,0.0,0.0,0.0,1140,0.13088701603237496,1,7.0,
Zomblers,1441.875576764169,23,6,17,0.2608695652173913,1,7,2.0,0.0,3.5971960297369894e-22,0.004541452549541062,1141,0.15842892620730709,1,0.0,16.0
thekillaz fe,1441.7171478379616,6,0,6,0.0,0,0,,0.0,0.0,0.0,1142,0.0802681347329326,1,0.0,
Change The Game,1441.6368797032287,13,3,10,0.23076923076923078,1,6,4.0,0.0,5.161648751005198e-22,0.002790864765674206,1143,0.06634318299416009,1,0.0,7.0
MANA,1441.5705365202346,49,19,30,0.3877551020408163,0,0,,0.0,0.0,0.0,1144,0.8001635241432723,1,0.0,
paiN Academy,1440.7703729960913,101,41,60,0.40594059405940597,2,12,1.0,0.0,1.2726548456529441e-07,0.003341452295883863,1145,0.7004409510955156,1,6.0,13.0
6666,1440.0699320449958,9,1,8,0.1111111111111111,0,0,,0.0,0.0,0.0,1146,0.16284191484646726,1,0.0,
FlyQuest RED,1439.9070901301493,26,11,15,0.4230769230769231,1,12,10.0,0.0,2.009202740995796e-40,0.006652439165759077,1147,0.2012218568620483,1,0.0,19.0
BOJONG,1439.7058682732873,4,0,4,0.0,0,0,,0.0,0.0,0.0,1148,0.42395653346693507,1,0.0,
Game Point,1439.2819117398203,5,0,5,0.0,0,0,,0.0,0.0,0.0,1149,0.027937674876739038,1,4.0,
GameHunters,1439.2539740649436,50,16,34,0.32,3,16,1.0,0.0003778932451582428,2.9325696865793494e-07,0.004168239714406309,1150,0.1276806241369286,1,0.0,13.0
Julie&Cie,1439.1262934408066,12,3,9,0.25,0,0,,0.0,0.0,0.0,1151,0.2929832160943988,1,0.0,
Luminosity,1438.8333102247122,100,39,61,0.39,5,30,1.0,0.022106754841757205,1.575384235289876e-05,0.012974864887104415,1152,0.06692590886768812,1,81.0,11.0
LEO SE,1438.7663843158446,5,0,5,0.0,0,0,,0.0,0.0,0.0,1153,0.6097087564733101,1,0.0,
KUUSAMO,1438.1566755593713,11,3,8,0.2727272727272727,0,0,,0.0,0.0,0.0,1154,1.2541017692144578,1,9.0,
MAGICOS,1436.9025737901568,18,6,12,0.3333333333333333,0,0,,0.0,0.0,0.0,1155,0.6979989998301335,1,0.0,
Red Feet,1436.2045747903267,16,6,10,0.375,0,0,,0.0,0.0,0.0,1156,0.17275343300184431,1,4.0,
Arcade,1436.0318213573248,62,23,39,0.3709677419354839,5,31,3.0,0.0019839395370807745,0.1996626215364775,0.007883430994122344,1157,0.4434159060579077,1,9.0,15.0
777,1435.588405451267,11,3,8,0.2727272727272727,0,0,,0.0,0.0,0.0,1158,0.4875810724695384,1,0.0,
CAPIVARAS,1435.1008243787974,6,0,6,0.0,0,0,,0.0,0.0,0.0,1159,1.299681758653378,1,0.0,
Atreides,1433.801142620144,76,39,37,0.5131578947368421,0,0,,0.0,0.0,0.0,1160,1.362487853582934,1,9.0,
Partizan,1432.438654766561,107,52,55,0.48598130841121495,2,10,6.0,0.0003778932451582428,2.63182365074324e-50,0.007986099122055874,1161,0.15734403295846278,1,12.0,9.0
eternal premium,1432.2813107336026,31,12,19,0.3870967741935484,0,0,,0.0,0.0,0.0,1162,0.33382312908247513,1,7.0,
Misa,1431.9474876045201,81,35,46,0.43209876543209874,0,0,,0.0,0.0,0.0,1163,0.20785926831990764,1,11.0,
Eruption,1431.7396283362002,9,1,8,0.1111111111111111,0,0,,0.0,0.0,0.0,1164,0.2725250982939542,1,0.0,
ODDIK Academy,1431.4671032379063,10,2,8,0.2,0,0,,0.0,0.0,0.0,1165,3.3123282830072185,1,4.0,
FURY,1428.154774954899,16,3,13,0.1875,1,7,3.0,0.0,0.06362136205213559,0.002338660019772107,1166,0.4280326508558119,1,0.0,15.0
UR,1427.7267423040432,8,0,8,0.0,0,0,,0.0,0.0,0.0,1167,1.9354441068373944,1,0.0,
Bebop,1425.7912981972058,108,55,53,0.5092592592592593,0,0,,0.0,0.0,0.0,1168,0.9277944525199473,1,7.0,
Villainous,1424.8635037446859,61,23,38,0.3770491803278688,0,0,,0.0,0.0,0.0,1169,0.3119091977134758,1,10.0,
Clutchain fe,1424.5515945469724,10,2,8,0.2,0,0,,0.0,0.0,0.0,1170,1.591893014299103,1,4.0,
Shimmer,1422.9597015326733,88,44,44,0.5,2,18,10.0,9.44733112895607e-05,2.246373226026388e-40,0.00991930043503485,1171,0.023538758653558034,1,3.0,19.0
Privateer,1422.9361627740197,13,4,9,0.3076923076923077,0,0,,0.0,0.0,0.0,1172,0.16151683142447837,1,7.0,
home,1422.7746459425953,9,1,8,0.1111111111111111,0,0,,0.0,0.0,0.0,1173,0.2908089244456278,1,0.0,
Sashi Academy,1422.4838370181496,14,3,11,0.21428571428571427,0,0,,0.0,0.0,0.0,1174,0.7638853093278613,1,0.0,
NomadS,1421.7199517088218,15,3,12,0.2,2,10,4.0,0.0014170996693434106,8.945304064010822e-22,0.003939080017447092,1175,0.026666179060839568,1,0.0,7.0
zajezdzacze,1421.693285529761,21,8,13,0.38095238095238093,0,0,,0.0,0.0,0.0,1176,0.19624397272059468,1,0.0,
Permitta,1421.4970415570403,103,47,56,0.4563106796116505,0,0,,0.0,0.0,0.0,1177,0.15651885826309808,1,13.0,
Aether,1421.3405226987772,24,6,18,0.25,1,5,2.0,0.0,1.1130263629945418e-20,0.002755543555207012,1178,0.23993063983289176,1,0.0,12.0
Players,1421.1005920589444,15,4,11,0.26666666666666666,0,0,,0.0,0.0,0.0,1179,0.2857992262272546,1,0.0,
CarritoSpain,1420.814792832717,8,0,8,0.0,0,0,,0.0,0.0,0.0,1180,0.4449894854089962,1,4.0,
Vantage,1420.369803347308,16,5,11,0.3125,1,8,3.0,0.0,0.03808134377905861,0.0028541576432276356,1181,0.2977723374995094,1,0.0,15.0
NuTorious,1420.0720310098086,29,9,20,0.3103448275862069,0,0,,0.0,0.0,0.0,1182,1.7417176748317615,1,7.0,
MTX,1418.3303133349768,8,1,7,0.125,0,0,,0.0,0.0,0.0,1183,1.6475425136784452,1,0.0,
Atrix,1416.6827708212984,49,20,29,0.40816326530612246,2,14,9.0,0.0001889466225791214,4.061998909937308e-27,0.005482026929098332,1184,2.094147526651568,1,2.0,18.0
atputies,1414.5886232946468,10,1,9,0.1,0,0,,0.0,0.0,0.0,1185,2.6426061911861325,1,0.0,
Famalicão,1411.9460171034607,19,5,14,0.2631578947368421,0,0,,0.0,0.0,0.0,1186,0.09037291251183888,1,0.0,
EC BANGA,1411.8556441909489,10,1,9,0.1,0,0,,0.0,0.0,0.0,1187,0.8428742753633287,1,0.0,
HereWeGoAgain,1411.0127699155855,7,0,7,0.0,0,0,,0.0,0.0,0.0,1188,0.7213152417568836,1,0.0,
Project 91,1410.2914546738286,9,1,8,0.1111111111111111,0,0,,0.0,0.0,0.0,1189,1.0427762443507618,1,0.0,
kONO,1409.2486784294779,32,11,21,0.34375,0,0,,0.0,0.0,0.0,1190,2.903654064358534,1,0.0,
aAa,1406.3450243651193,17,4,13,0.23529411764705882,0,0,,0.0,0.0,0.0,1191,0.04613120987505681,1,0.0,
ALTAY,1406.2988931552443,11,1,10,0.09090909090909091,0,0,,0.0,0.0,0.0,1192,0.417035343366706,1,6.0,
DONSTU,1405.8818578118776,57,24,33,0.42105263157894735,0,0,,0.0,0.0,0.0,1193,0.6029123967396117,1,8.0,
SINQU,1405.278945415138,23,6,17,0.2608695652173913,0,0,,0.0,0.0,0.0,1194,0.741292050907532,1,8.0,
ALZON,1404.5376533642304,10,0,10,0.0,0,0,,0.0,0.0,0.0,1195,0.13796572618707614,1,0.0,
Wanted Goons,1404.3996876380434,71,26,45,0.36619718309859156,1,6,2.0,0.0,1.3356316355934504e-20,0.0031025706335953526,1196,0.7834768657330642,1,3.0,12.0
Washington,1403.6162107723103,11,1,10,0.09090909090909091,0,0,,0.0,0.0,0.0,1197,0.6039667002639817,1,0.0,
R2,1403.0122440720463,21,6,15,0.2857142857142857,0,0,,0.0,0.0,0.0,1198,2.6839048709632607,1,0.0,
Blitzkrieg,1400.328339201083,21,7,14,0.3333333333333333,0,0,,0.0,0.0,0.0,1199,0.941104931052223,1,1.0,
ALLINNERS,1399.3872342700308,34,11,23,0.3235294117647059,2,14,5.0,0.0,8.832919696704007e-37,0.007328044637543389,1200,0.8977239882581216,1,0.0,10.0
Underground,1398.4895102817727,15,1,14,0.06666666666666667,0,0,,0.0,0.0,0.0,1201,1.4222720105233293,1,0.0,
CSDIILIT,1397.0672382712494,35,12,23,0.34285714285714286,0,0,,0.0,0.0,0.0,1202,1.6225533488343444,1,0.0,
GUARA,1395.444684922415,19,5,14,0.2631578947368421,0,0,,0.0,0.0,0.0,1203,0.25456677382521775,1,0.0,
HEROIC Academy,1395.1901181485898,43,14,29,0.32558139534883723,0,0,,0.0,0.0,0.0,1204,1.1396678982750927,1,0.0,
F5,1394.0504502503147,14,2,12,0.14285714285714285,0,0,,0.0,0.0,0.0,1205,1.0443825327461127,1,0.0,
Mai Tai,1393.0060677175686,26,8,18,0.3076923076923077,0,0,,0.0,0.0,0.0,1206,1.1639585818254545,1,0.0,
Crashers,1391.8421091357432,35,10,25,0.2857142857142857,1,5,1.0,0.0,4.6139218396498323e-08,0.0020853613304737334,1207,1.6206859990047633,1,0.0,13.0
DragonClaw,1390.2214231367384,8,0,8,0.0,0,0,,0.0,0.0,0.0,1208,1.299517502511435,1,0.0,
DXA,1388.921905634227,87,29,58,0.3333333333333333,6,47,3.0,0.0034010392064241853,0.24031917854555188,0.012674444575260358,1209,5.804327399404201,1,3.0,15.0
Time Waves,1383.1175782348228,13,0,13,0.0,0,0,,0.0,0.0,0.0,1210,2.3175886590656773,1,0.0,
ex-KRÜ,1380.799989575757,24,6,18,0.25,0,0,,0.0,0.0,0.0,1211,4.5693851742241804,1,0.0,
Fortress,1376.230604401533,21,5,16,0.23809523809523808,0,0,,0.0,0.0,0.0,1212,1.9318661651307139,1,3.0,
Procyon,1374.2987382364022,81,30,51,0.37037037037037035,2,11,1.0,0.0013856085655802224,1.54433763506196e-07,0.003496738066589265,1213,1.0088147374247,1,5.0,13.0
ROUNDS,1373.2899234989775,29,8,21,0.27586206896551724,0,0,,0.0,0.0,0.0,1214,3.646334103479603,1,3.0,
MASONIC,1369.6435893954979,60,17,43,0.2833333333333333,2,10,11.0,9.44733112895607e-05,3.0059736542749674e-58,0.00991930043503485,1215,2.773225209964494,1,0.0,8.0
METANOIA Wolves,1366.8703641855334,51,17,34,0.3333333333333333,0,0,,0.0,0.0,0.0,1216,10.331159379727751,1,4.0,
Pigeons,1356.5392048058056,13,0,13,0.0,0,0,,0.0,0.0,0.0,1217,0.4294002672947954,1,0.0,
Subtop De France,1356.1098045385108,16,2,14,0.125,0,0,,0.0,0.0,0.0,1218,7.1748736753656885,1,0.0,
Vasco,1348.9349308631452,33,9,24,0.2727272727272727,0,0,,0.0,0.0,0.0,1219,6.001253557631571,1,0.0,
megoshort,1342.9336773055136,44,11,33,0.25,0,0,,0.0,0.0,0.0,1220,0.5241009724099968,1,0.0,
Lilmix,1342.4095763331036,102,31,71,0.30392156862745096,0,0,,0.0,0.0,0.0,1221,20.810635188880497,1,5.0,
OlyBet,1321.598941144223,57,17,40,0.2982456140350877,0,0,,0.0,0.0,0.0,1222,0.0,1,3.0,
