rank,tier,tier_name,team,strength,within_tier_strength,strength_gap,matches,wins,losses,win_rate
1,1,Elite,Spirit,2299.0,1.0,28.73999999999978,102,77,25,0.755
2,1,Elite,Vitality,2270.26,0.4307783719548444,21.75,110,89,21,0.809
3,1,Elite,Falcons,2248.51,0.0,77.30000000000018,102,70,32,0.686
4,2,Contender,FURIA,2171.21,1.0,6.0900000000001455,124,86,38,0.694
5,2,Contender,MOUZ,2165.12,0.9862952044467445,3.8299999999999272,107,70,37,0.654
6,2,Contender,Natus Vincere,2161.29,0.9776762607736794,22.84999999999991,101,62,39,0.614
7,2,Contender,FUT,2138.44,0.926255147737246,43.840000000000146,103,66,37,0.641
8,2,Contender,G2,2094.6,0.8275986227693136,4.519999999999982,110,63,47,0.573
9,2,Contender,Legacy,2090.08,0.8174269190089338,11.989999999999782,109,64,45,0.587
10,2,Contender,Aurora,2078.09,0.79044489952067,9.960000000000036,109,61,48,0.56
11,2,Contender,The MongolZ,2068.13,0.768031145216824,8.090000000000146,102,59,43,0.578
12,2,Contender,9z,2060.04,0.7498255957872942,18.279999999999973,111,75,36,0.676
13,2,Contender,BetBoom,2041.76,0.7086887053581474,29.529999999999973,123,82,41,0.667
14,2,Contender,FaZe,2012.23,0.6422350743749579,3.3099999999999454,114,57,57,0.5
15,2,Contender,Astralis,2008.92,0.634786326709724,3.3900000000001,105,55,50,0.524
16,2,Contender,magic,2005.53,0.627157548889439,13.309999999999944,65,44,21,0.677
17,2,Contender,PARIVISION,1992.22,0.5972050318428338,11.230000000000018,108,65,43,0.602
18,2,Contender,BIG,1980.99,0.5719332988275536,9.970000000000027,119,76,43,0.639
19,2,Contender,B8,1971.02,0.5494970407543264,8.509999999999991,108,54,54,0.5
20,2,Contender,Monte,1962.51,0.5303463330107794,1.740000000000009,70,38,32,0.543
21,2,Contender,MIBR,1960.77,0.5264306771384207,4.269999999999982,113,71,42,0.628
22,2,Contender,Jam,1956.5,0.5168215676125751,4.869999999999891,6,6,0,1.0
23,2,Contender,Alliance,1951.63,0.5058622319238475,12.330000000000156,115,78,37,0.678
24,2,Contender,TDK,1939.3,0.4781150842766163,10.839999999999918,57,41,16,0.719
25,2,Contender,Nemesis,1928.46,0.4537209982672099,1.150000000000091,105,66,39,0.629
26,2,Contender,GamerLegion,1927.31,0.45113306478835197,6.309999999999945,104,53,51,0.51
27,2,Contender,Inner Circle,1921.0,0.43693318630870676,9.220000000000027,101,57,44,0.564
28,2,Contender,M80,1911.78,0.4161847109390823,0.5499999999999545,108,69,39,0.639
29,2,Contender,Nuclear TigeRES,1911.23,0.414947003623107,2.089999999999918,111,70,41,0.631
30,2,Contender,Ninjas in Pyjamas,1909.14,0.41024371582240055,0.910000000000082,106,54,52,0.509
31,2,Contender,paiN,1908.23,0.40819587280869557,1.6400000000001,105,52,53,0.495
32,2,Contender,HEROIC,1906.59,0.40450525463015047,2.5799999999999272,104,52,52,0.5
33,2,Contender,Zero Tenacity,1904.01,0.3986992821297568,1.0199999999999818,28,20,8,0.714
34,2,Contender,Butterfly,1902.99,0.39640389765285694,0.4300000000000636,19,14,5,0.737
35,2,Contender,Iberian Soul,1902.56,0.39543623556945784,0.5299999999999727,100,63,37,0.63
36,2,Contender,Echo,1902.03,0.3942435357922452,0.7200000000000273,16,10,6,0.625
37,2,Contender,TYLOO,1901.31,0.3926232643967864,0.2300000000000182,105,59,46,0.562
38,2,Contender,Sharks,1901.08,0.39210567770101484,1.6299999999998818,82,49,33,0.598
39,2,Contender,Lynn Vision,1899.45,0.3884375632918516,3.240000000000009,102,59,43,0.578
40,2,Contender,100 Thieves,1896.21,0.3811463420122872,2.8400000000001455,100,60,39,0.6
41,2,Contender,Liquid,1893.37,0.37475527150797744,9.319999999999936,114,57,57,0.5
42,2,Contender,Virtus.pro,1884.05,0.35378175844453946,1.6099999999999,100,49,51,0.49
43,2,Contender,EYEBALLERS,1882.44,0.3501586515741389,0.25,110,70,40,0.636
44,2,Contender,K27,1882.19,0.3495960573396046,0.4300000000000636,114,76,38,0.667
45,2,Contender,HOTU,1881.76,0.3486283952562055,2.150000000000091,108,69,39,0.639
46,2,Contender,NRG,1879.61,0.3437900848392104,0.5399999999999636,108,68,40,0.63
47,2,Contender,Gentle Mates,1879.07,0.3425748812926165,7.869999999999891,71,37,34,0.521
48,2,Contender,Nemiga,1871.2,0.3248644147894774,14.350000000000136,131,81,50,0.618
49,2,Contender,1win,1856.85,0.2925715057272092,4.6099999999999,110,69,41,0.627
50,2,Contender,FlyQuest,1852.24,0.28219726804239725,4.230000000000018,104,57,47,0.548
51,2,Contender,fnatic,1848.01,0.2726781735940771,0.0499999999999545,117,66,51,0.564
52,2,Contender,3DMAX,1847.96,0.27256565474717037,1.7200000000000273,119,54,65,0.454
53,2,Contender,Sashi,1846.24,0.2686950064135744,4.7000000000000455,122,68,54,0.557
54,2,Contender,FOKUS,1841.54,0.25811823480432977,0.8799999999998818,54,32,22,0.593
55,2,Contender,Imperial,1840.66,0.2561379030987693,1.5900000000001455,114,71,43,0.623
56,2,Contender,Wildcard,1839.07,0.25255980376713094,7.6099999999999,109,68,41,0.624
57,2,Contender,Voca,1831.46,0.23543443526790758,3.019999999999982,91,62,29,0.681
58,2,Contender,Getting Info,1828.44,0.22863829691473347,3.480000000000018,20,14,6,0.7
59,2,Contender,33,1824.96,0.22080698517001618,3.819999999999936,23,13,10,0.565
60,2,Contender,JiJieHao,1821.14,0.21221054526633246,0.1100000000001273,113,60,53,0.531
61,2,Contender,RED Canids,1821.03,0.2119630038031371,0.9800000000000182,47,26,21,0.553
62,2,Contender,Oramond,1820.05,0.20975763440376266,2.2100000000000364,60,36,24,0.6
63,2,Contender,BESTIA,1817.84,0.2047843013704795,1.4099999999998545,110,72,38,0.655
64,2,Contender,CYBERSHOKE,1816.43,0.20161126988770647,1.509999999999991,117,63,54,0.538
65,2,Contender,ESC,1814.92,0.19821320071111942,3.740000000000009,27,17,10,0.63
66,2,Contender,Wildcard Academy,1811.18,0.1897967909624865,2.4400000000000546,10,8,2,0.8
67,2,Contender,SINNERS,1808.74,0.18430587123343176,1.4200000000000728,114,68,46,0.596
68,2,Contender,INOX Division,1807.32,0.18111033598127685,1.9700000000000273,62,44,18,0.71
69,2,Contender,Evil Geniuses,1805.35,0.17667709341314664,0.2699999999999818,4,3,1,0.75
70,2,Contender,Into the Breach,1805.08,0.17606949163984964,1.3699999999998909,4,4,0,1.0
71,2,Contender,GenOne,1803.71,0.172986475234602,2.730000000000018,136,78,58,0.574
72,2,Contender,ex-RUBY,1800.98,0.16684294619348758,2.25,120,74,46,0.617
73,2,Contender,THUNDER dOWNUNDER,1798.73,0.16177959808267903,4.599999999999909,60,47,13,0.783
74,2,Contender,mellren,1794.13,0.1514278641672484,0.7300000000000182,11,8,3,0.727
75,2,Contender,Walczaki,1793.4,0.14978508900240825,1.0,66,43,23,0.652
76,2,Contender,WHITEBIRD,1792.4,0.14753471206427113,2.75,26,14,12,0.538
77,2,Contender,Solid,1789.65,0.141346175484394,0.650000000000091,4,4,0,1.0
78,2,Contender,Color,1789.0,0.13988343047460464,0.0399999999999636,7,5,2,0.714
79,2,Contender,Acend,1788.96,0.13979341539707923,1.1300000000001091,104,59,45,0.567
80,2,Contender,Tricked,1787.83,0.13725048945698404,1.139999999999873,52,23,29,0.442
81,2,Contender,Insilio,1786.69,0.13468505974750797,2.8500000000001364,12,9,3,0.75
82,2,Contender,TNL,1783.84,0.12827148547381684,4.339999999999918,14,8,6,0.571
83,2,Contender,9 Pandas,1779.5,0.11850484956230184,0.5,7,5,2,0.714
84,2,Contender,Eternal Fire,1779.0,0.11737966109323326,4.910000000000082,120,69,51,0.575
85,2,Contender,Nouns,1774.09,0.10633031032697975,1.6899999999998272,7,6,1,0.857
86,2,Contender,BLUEJAYS,1772.4,0.10252717330152837,0.2000000000000454,21,13,8,0.619
87,2,Contender,Betclic,1772.2,0.10207709791390084,0.1700000000000727,110,52,58,0.473
88,2,Contender,ShindeN,1772.03,0.10169453383441736,2.2100000000000364,107,67,40,0.626
89,2,Contender,Raccoons,1769.82,0.09672120080113421,0.1799999999998363,5,4,1,0.8
90,2,Contender,Metizport,1769.64,0.09631613295226989,1.0700000000001637,108,54,54,0.5
91,2,Contender,Friendly Campers,1768.57,0.09390822962846278,0.2400000000000091,13,6,7,0.462
92,2,Contender,ODDIK,1768.33,0.09336813916330985,0.2100000000000363,112,70,42,0.625
93,2,Contender,GUN5,1768.12,0.09289556000630098,2.949999999999818,34,17,17,0.5
94,2,Contender,LP,1765.17,0.08625694803879683,1.800000000000182,104,68,36,0.654
95,2,Contender,ex-NAVI Junior,1763.37,0.08220626955014956,0.3099999999999454,2,2,0,1.0
96,2,Contender,Phantom,1763.06,0.08150865269932718,0.1799999999998363,107,53,54,0.495
97,2,Contender,ex-Betera,1762.88,0.08110358485046286,0.6200000000001182,5,3,2,0.6
98,2,Contender,mix52,1762.26,0.07970835114881757,0.1099999999998999,6,4,2,0.667
99,2,Contender,Spirit Academy,1762.15,0.0794608096856227,1.5199999999999818,100,57,43,0.57
100,2,Contender,WOPA,1760.63,0.07604023673965431,1.4600000000000364,15,10,5,0.667
101,2,Contender,OG,1759.17,0.072754686409974,2.660000000000082,110,62,48,0.564
102,2,Contender,ex-GANK,1756.51,0.06676868375452903,1.4600000000000364,4,3,1,0.75
103,2,Contender,WW,1755.05,0.06348313342484872,3.2200000000000273,100,52,48,0.52
104,2,Contender,QMISTRY,1751.83,0.056236919684047086,0.0699999999999363,3,3,0,1.0
105,2,Contender,500,1751.76,0.056079393298377626,2.0299999999999727,30,14,16,0.467
106,2,Contender,ex-Inner Circle,1749.73,0.0515111281139593,0.9200000000000728,5,3,2,0.6
107,2,Contender,QWENTRY,1748.81,0.04944078133087297,2.589999999999918,43,27,16,0.628
108,2,Contender,ACROBATS,1746.22,0.04361230506109797,0.3099999999999454,5,3,2,0.6
109,2,Contender,SemperFi,1745.91,0.04291468821027558,0.0800000000001546,47,29,18,0.617
110,2,Contender,Ursa,1745.83,0.04273465805522426,1.1899999999998272,64,39,25,0.609
111,2,Contender,DENDELE,1744.64,0.04005670949884146,2.1400000000001,5,3,2,0.6
112,2,Contender,ex-RUSTEC,1742.5,0.03524090285122775,0.0399999999999636,31,19,12,0.613
113,2,Contender,RUBY,1742.46,0.03515088777370235,0.6200000000001182,32,18,14,0.562
114,2,Contender,Vikings KR,1741.84,0.03375565407205706,0.7799999999999727,3,3,0,1.0
115,2,Contender,Passion UA,1741.06,0.03200036006031016,0.3299999999999272,74,31,43,0.419
116,2,Contender,Fingers Crossed,1740.73,0.03125773567072506,0.1600000000000818,11,7,4,0.636
117,2,Contender,Flamengo,1740.57,0.030897675360622937,0.8399999999999181,5,4,1,0.8
118,2,Contender,Renegades,1739.73,0.029007358732587925,1.0299999999999727,4,4,0,1.0
119,2,Contender,CYBERSHOKE Prospects,1738.7,0.026689470486306734,1.8099999999999457,49,29,20,0.592
120,2,Contender,BC.Game,1736.89,0.02261628822827864,0.6600000000000819,103,48,55,0.466
121,2,Contender,Looking4Org,1736.23,0.021131039449107946,1.25,3,3,0,1.0
122,2,Contender,LFO 4,1734.98,0.018318068276436523,0.0299999999999727,3,3,0,1.0
123,2,Contender,2GAME,1734.95,0.01825055696829247,1.150000000000091,5,3,2,0.6
124,2,Contender,WBT,1733.8,0.01566262348943456,0.8999999999998636,23,16,7,0.696
125,2,Contender,Fluxo,1732.9,0.013637284245111441,0.2200000000000272,104,55,49,0.529
126,2,Contender,TNT,1732.68,0.01314220131872121,1.0299999999999727,9,7,2,0.778
127,2,Contender,Johnny Speeds,1731.65,0.01082431307244002,0.1700000000000727,85,42,43,0.494
128,2,Contender,AM,1731.48,0.010441748992956542,0.5299999999999727,65,35,30,0.538
129,2,Contender,ARCRED,1730.95,0.009249049215743921,0.2799999999999727,117,61,56,0.521
130,2,Contender,ECSTATIC,1730.67,0.008618943673065585,1.0199999999999818,57,24,33,0.421
131,2,Contender,Back to Back,1729.65,0.0063235591961657445,0.0099999999999909,5,4,1,0.8
132,2,Contender,Turma do Pagode,1729.64,0.006301055426784394,0.3300000000001546,10,7,3,0.7
133,2,Contender,Revise,1729.31,0.005558431037198791,0.0599999999999454,5,4,1,0.8
134,2,Contender,9INE,1729.25,0.005423408420910685,1.6900000000000546,115,62,53,0.539
135,2,Contender,NEXVOID,1727.56,0.0016202713954588002,0.7200000000000273,41,25,16,0.61
136,2,Contender,5star,1726.84,0.0,4.819999999999936,33,20,13,0.606
137,3,Upper Competitive,Sangal,1722.02,1.0,0.2599999999999909,108,58,50,0.537
138,3,Upper Competitive,Marsborne,1721.76,0.9987283576249634,2.589999999999918,113,72,41,0.637
139,3,Upper Competitive,EC Brugge,1719.17,0.9860608431967137,0.4500000000000455,3,3,0,1.0
140,3,Upper Competitive,KOLESIE,1718.72,0.9838599237014577,3.2000000000000455,57,28,29,0.491
141,3,Upper Competitive,INTZ,1715.52,0.9682089406240829,1.150000000000091,8,6,2,0.75
142,3,Upper Competitive,CPH Wolves,1714.37,0.962584368580651,3.349999999999909,23,11,12,0.478
143,3,Upper Competitive,INFINITE,1711.02,0.946199745671525,2.3799999999998818,100,40,60,0.4
144,3,Upper Competitive,SPARTA,1708.64,0.9345593270077283,1.4200000000000728,129,65,64,0.504
145,3,Upper Competitive,Oruga,1707.22,0.927614203267143,0.8500000000001364,3,2,1,0.667
146,3,Upper Competitive,Just Players,1706.37,0.9234569108872147,0.1099999999998999,70,39,31,0.557
147,3,Upper Competitive,Lazarus,1706.26,0.9229189083439304,0.2699999999999818,2,2,0,1.0
148,3,Upper Competitive,00NATION,1705.99,0.921598356646777,1.240000000000009,2,2,0,1.0
149,3,Upper Competitive,JOGA DE TERNO,1704.75,0.9155336007042943,0.6600000000000819,3,3,0,1.0
150,3,Upper Competitive,Gaimin Gladiators,1704.09,0.9123055854445854,2.3999999999998636,43,17,26,0.395
151,3,Upper Competitive,Black Phoenix,1701.69,0.9005673481365551,2.3200000000001637,22,12,10,0.545
152,3,Upper Competitive,ONYX,1699.37,0.8892203854054579,0.1899999999998272,2,2,0,1.0
153,3,Upper Competitive,Galorys,1699.18,0.8882911082852396,1.7999999999999543,102,53,49,0.52
154,3,Upper Competitive,ThunderFlash,1697.38,0.8794874303042166,0.3000000000001819,2,2,0,1.0
155,3,Upper Competitive,eLITenergy,1697.08,0.8780201506407119,3.689999999999827,10,6,4,0.6
156,3,Upper Competitive,Young Ninjas,1693.39,0.8599726107796152,0.1800000000000636,32,20,12,0.625
157,3,Upper Competitive,Ambush,1693.21,0.8590922429815125,1.2899999999999636,2,2,0,1.0
158,3,Upper Competitive,NAVI Junior,1691.92,0.8527829404284462,0.4300000000000636,100,62,38,0.62
159,3,Upper Competitive,Strife,1691.49,0.8506798395774237,1.4800000000000182,2,2,0,1.0
160,3,Upper Competitive,ex-Enterprise,1690.01,0.8434412599041378,1.3900000000001,2,2,0,1.0
161,3,Upper Competitive,bankaPEPSI,1688.62,0.8366428641299027,0.5399999999999636,5,3,2,0.6
162,3,Upper Competitive,Infused,1688.08,0.834001760735596,0.5299999999999727,2,2,0,1.0
163,3,Upper Competitive,Truck Drivers,1687.55,0.8314095666634059,0.7100000000000364,2,2,0,1.0
164,3,Upper Competitive,W7M,1686.84,0.8279370047931133,1.449999999999818,2,2,0,1.0
165,3,Upper Competitive,Sprout,1685.39,0.8208451530861788,2.75,2,2,0,1.0
166,3,Upper Competitive,OneTap,1682.64,0.8073950895040601,0.7000000000000455,2,2,0,1.0
167,3,Upper Competitive,Rave,1681.94,0.8039714369558841,0.6600000000000819,27,13,14,0.481
168,3,Upper Competitive,Olympus,1681.28,0.8007434216961753,0.6199999999998909,2,2,0,1.0
169,3,Upper Competitive,The Neighbours,1680.66,0.7977110437249345,0.4800000000000182,2,2,0,1.0
170,3,Upper Competitive,BET-M,1680.18,0.7953633962633282,0.5600000000001728,70,37,33,0.529
171,3,Upper Competitive,ex-Zero Tenacity,1679.62,0.7926244742247869,0.9899999999997816,104,50,54,0.481
172,3,Upper Competitive,passions,1678.63,0.7877824513352252,0.3700000000001182,2,2,0,1.0
173,3,Upper Competitive,Astralis Talent,1678.26,0.7859728064169031,1.2799999999999727,5,4,1,0.8
174,3,Upper Competitive,L4S,1676.98,0.7797124131859534,0.4900000000000091,1,1,0,1.0
175,3,Upper Competitive,The Huns,1676.49,0.7773158564022304,1.7000000000000457,102,61,41,0.598
176,3,Upper Competitive,Bushido Wildcats,1674.79,0.769001271642375,0.7200000000000273,95,50,45,0.526
177,3,Upper Competitive,illwill,1674.07,0.7654798004499656,0.7899999999999636,58,30,28,0.517
178,3,Upper Competitive,Deep Cross,1673.28,0.7616159640027389,0.8299999999999272,1,1,0,1.0
179,3,Upper Competitive,BRUTE,1672.45,0.7575564902670453,0.4900000000000091,100,49,51,0.49
180,3,Upper Competitive,Kubix,1671.96,0.7551599334833222,0.0599999999999454,2,2,0,1.0
181,3,Upper Competitive,EAC,1671.9,0.7548664775506218,1.0600000000001728,39,19,20,0.487
182,3,Upper Competitive,Vitalem Aerem,1670.84,0.7496820894062406,1.5299999999999727,1,1,0,1.0
183,3,Upper Competitive,QUAZAR,1669.31,0.742198963122371,0.1799999999998363,72,34,38,0.472
184,3,Upper Competitive,Gen.G,1669.13,0.7413185953242695,0.6000000000001364,4,2,2,0.5
185,3,Upper Competitive,ENCE,1668.53,0.7383840359972611,0.7000000000000455,116,62,54,0.534
186,3,Upper Competitive,RBLS,1667.83,0.7349603834490852,0.2999999999999545,43,23,20,0.535
187,3,Upper Competitive,SC,1667.53,0.7334931037855815,2.3599999999999,2,2,0,1.0
188,3,Upper Competitive,benched gods,1665.17,0.7219505037660183,0.5,27,16,11,0.593
189,3,Upper Competitive,UNiTY,1664.67,0.7195050376601785,0.4600000000000364,110,55,55,0.5
190,3,Upper Competitive,ex-Flame Sharks,1664.21,0.7172552088428058,0.1300000000001091,3,2,1,0.667
191,3,Upper Competitive,Swingers,1664.08,0.7166193876552869,0.3599999999998999,2,2,0,1.0
192,3,Upper Competitive,Copenhagen Flames,1663.72,0.7148586520590827,0.5699999999999363,2,2,0,1.0
193,3,Upper Competitive,SportsBetExpert,1663.15,0.7120708206984258,0.6800000000000637,50,29,21,0.58
194,3,Upper Competitive,ECLOT,1662.47,0.7087449867944833,0.1200000000001182,32,13,19,0.406
195,3,Upper Competitive,Bounty Hunters,1662.35,0.7081580749290812,0.1299999999998817,113,63,50,0.558
196,3,Upper Competitive,Astrum,1662.22,0.7075222537415634,1.0699999999999363,6,3,3,0.5
197,3,Upper Competitive,HYPERSPIRIT,1661.15,0.7022889562750666,1.2000000000000457,100,43,57,0.43
198,3,Upper Competitive,FAVBET,1659.95,0.696419837621051,1.7200000000000273,56,24,32,0.429
199,3,Upper Competitive,Enjoy,1658.23,0.688007434216962,0.900000000000091,38,23,15,0.605
200,3,Upper Competitive,Northern Lights,1657.33,0.6836055952264499,0.5499999999999545,2,2,0,1.0
201,3,Upper Competitive,RUSTEC,1656.78,0.6809155825100264,0.0199999999999818,27,14,13,0.519
202,3,Upper Competitive,MAD Lions,1656.76,0.680817763865793,0.2300000000000182,2,2,0,1.0
203,3,Upper Competitive,Marius,1656.53,0.6796928494571065,0.4600000000000364,3,2,1,0.667
204,3,Upper Competitive,The QUBE,1656.07,0.6774430206397337,0.1499999999998635,8,4,4,0.5
205,3,Upper Competitive,Tropa do Taco,1655.92,0.6767093808079825,0.1500000000000909,2,2,0,1.0
206,3,Upper Competitive,TNC,1655.77,0.6759757409762301,0.7599999999999909,26,14,12,0.538
207,3,Upper Competitive,sunday school,1655.01,0.6722586324953537,1.5799999999999272,3,3,0,1.0
208,3,Upper Competitive,Ground Zero,1653.43,0.6645309596009004,0.5099999999999909,102,56,46,0.549
209,3,Upper Competitive,ATK,1652.92,0.6620365841729439,0.2599999999999909,5,4,1,0.8
210,3,Upper Competitive,Keyd Stars,1652.66,0.6607649417979072,1.400000000000091,109,57,52,0.523
211,3,Upper Competitive,cowana,1651.26,0.6539176367015554,0.4000000000000909,2,2,0,1.0
212,3,Upper Competitive,Imperial Academy,1650.86,0.6519612638168831,0.6999999999998181,5,3,2,0.6
213,3,Upper Competitive,ALGO,1650.16,0.6485376112687083,1.75,36,17,19,0.472
214,3,Upper Competitive,BAKS,1648.41,0.6399784798982692,0.7200000000000273,30,14,16,0.467
215,3,Upper Competitive,Lavked,1647.69,0.6364570087058598,1.3500000000001364,93,53,40,0.57
216,3,Upper Competitive,Endpoint,1646.34,0.6298542502200917,1.639999999999873,8,5,3,0.625
217,3,Upper Competitive,Ovoshi,1644.7,0.6218331213929379,0.1100000000001273,2,2,0,1.0
218,3,Upper Competitive,Bravado,1644.59,0.6212951188496525,0.4800000000000182,2,2,0,1.0
219,3,Upper Competitive,OLDBOYS PL,1644.11,0.6189474713880462,0.9699999999998,13,9,4,0.692
220,3,Upper Competitive,Preasy Mix,1643.14,0.614203267142718,1.150000000000091,4,3,1,0.75
221,3,Upper Competitive,BASEMENT BOYS,1641.99,0.6085786950992861,0.0199999999999818,106,47,59,0.443
222,3,Upper Competitive,StoichkovPeek,1641.97,0.6084808764550527,1.2899999999999636,1,1,0,1.0
223,3,Upper Competitive,Davenport University,1640.68,0.6021715739019862,1.5299999999999727,2,2,0,1.0
224,3,Upper Competitive,Fire Flux,1639.15,0.5946884476181166,0.1300000000001091,103,56,47,0.544
225,3,Upper Competitive,Impossible,1639.02,0.5940526264305978,0.1600000000000818,2,2,0,1.0
226,3,Upper Competitive,Take Flyte,1638.86,0.5932700772767286,0.349999999999909,12,8,4,0.667
227,3,Upper Competitive,SKYFURY,1638.51,0.5915582510026413,1.25,4,2,2,0.5
228,3,Upper Competitive,Venom,1637.26,0.5854445857380418,1.0299999999999727,19,7,12,0.368
229,3,Upper Competitive,Rune Eaters,1636.23,0.5804069255600119,0.0899999999999181,90,42,48,0.467
230,3,Upper Competitive,NOVAQ,1636.14,0.5799667416609612,1.8700000000001185,101,50,51,0.495
231,3,Upper Competitive,Off Site,1634.27,0.57082069842512,0.2999999999999545,1,1,0,1.0
232,3,Upper Competitive,Leo,1633.97,0.5693534187616163,0.4800000000000182,108,58,50,0.537
233,3,Upper Competitive,Isurus,1633.49,0.56700577130001,0.0599999999999454,101,55,46,0.545
234,3,Upper Competitive,4glory,1633.43,0.5667123153673095,0.1100000000001273,1,1,0,1.0
235,3,Upper Competitive,Partizan,1633.32,0.5661743128240241,0.6099999999999,107,52,55,0.486
236,3,Upper Competitive,G2 Ares,1632.71,0.5631908441749001,0.4000000000000909,101,54,47,0.535
237,3,Upper Competitive,Basement Bobs,1632.31,0.5612344712902279,0.8199999999999363,5,3,2,0.6
238,3,Upper Competitive,Concept Cult,1631.49,0.5572239068766509,0.2899999999999636,1,1,0,1.0
239,3,Upper Competitive,VP.Prodigy,1631.2,0.555805536535264,0.5099999999999909,31,15,16,0.484
240,3,Upper Competitive,Chinggis Warriors,1630.69,0.5533111611073075,0.0299999999999727,101,55,46,0.545
241,3,Upper Competitive,FLuffy Gangsters,1630.66,0.5531644331409572,0.790000000000191,1,1,0,1.0
242,3,Upper Competitive,Betera,1629.87,0.5493005966937294,0.0599999999999454,26,9,17,0.346
243,3,Upper Competitive,INDE IRAE,1629.81,0.549007140761029,0.8199999999999363,1,1,0,1.0
244,3,Upper Competitive,Fake do Biru,1628.99,0.544996576347452,1.5499999999999543,59,27,32,0.458
245,3,Upper Competitive,Run or Die,1627.44,0.537415631419349,0.5599999999999454,1,1,0,1.0
246,3,Upper Competitive,Ryvex,1626.88,0.5346767093808087,0.6200000000001182,1,1,0,1.0
247,3,Upper Competitive,Party Astronauts,1626.26,0.5316443314095668,0.0599999999999454,7,5,2,0.714
248,3,Upper Competitive,fish123,1626.2,0.5313508754768663,1.9300000000000637,3,2,1,0.667
249,3,Upper Competitive,EPG Family,1624.27,0.5219113763083244,0.2699999999999818,2,1,1,0.5
250,3,Upper Competitive,Oxuji,1624.0,0.520590824611171,1.2200000000000273,49,18,31,0.367
251,3,Upper Competitive,K23,1622.78,0.5146238873129219,0.2899999999999636,1,1,0,1.0
252,3,Upper Competitive,Tranquillum,1622.49,0.513205516971535,0.0399999999999636,1,1,0,1.0
253,3,Upper Competitive,Unique,1622.45,0.513009879683068,0.0499999999999545,1,1,0,1.0
254,3,Upper Competitive,Yawara,1622.4,0.5127653330724843,0.2200000000000272,104,54,50,0.519
255,3,Upper Competitive,Bravos,1622.18,0.5116893279859146,0.2799999999999727,1,1,0,1.0
256,3,Upper Competitive,Theboyz,1621.9,0.5103198669666444,0.0099999999999909,1,1,0,1.0
257,3,Upper Competitive,Alter Ego,1621.89,0.5102709576445277,0.900000000000091,13,4,9,0.308
258,3,Upper Competitive,TAG,1620.99,0.5058691186540156,0.6700000000000728,1,1,0,1.0
259,3,Upper Competitive,Paranoid,1620.32,0.50259219407219,0.8599999999999,1,1,0,1.0
260,3,Upper Competitive,GKC,1619.46,0.4983859923701461,0.1400000000001,1,1,0,1.0
261,3,Upper Competitive,Undone,1619.32,0.4977012618605105,0.2699999999999818,1,1,0,1.0
262,3,Upper Competitive,Born in Mongolia,1619.05,0.4963807101633571,0.2599999999999909,1,1,0,1.0
263,3,Upper Competitive,Fluxo Demons,1618.79,0.4951090677883205,0.1399999999998726,9,7,2,0.778
264,3,Upper Competitive,moneytrees,1618.65,0.49442433727868595,0.3300000000001546,1,1,0,1.0
265,3,Upper Competitive,Serbia,1618.32,0.4928103296488309,0.1299999999998817,1,1,0,1.0
266,3,Upper Competitive,Xiaoma,1618.19,0.49217450846131316,0.1200000000001182,1,1,0,1.0
267,3,Upper Competitive,FUSION,1618.07,0.49158759659591106,0.4500000000000455,1,1,0,1.0
268,3,Upper Competitive,POLET,1617.62,0.48938667710065503,0.2199999999997999,1,1,0,1.0
269,3,Upper Competitive,PGE Turow,1617.4,0.4883106720140865,0.5600000000001728,1,1,0,1.0
270,3,Upper Competitive,Cloud 10,1616.84,0.48557174997554514,0.0899999999999181,1,1,0,1.0
271,3,Upper Competitive,Furious,1616.75,0.4851315660764944,0.2100000000000363,1,1,0,1.0
272,3,Upper Competitive,AaB,1616.54,0.48410447031204146,0.0,55,26,29,0.473
273,3,Upper Competitive,Paquetá,1616.54,0.48410447031204146,0.3299999999999272,1,1,0,1.0
274,3,Upper Competitive,Patins da Ferrari,1616.21,0.4824904626821876,0.0699999999999363,75,33,42,0.44
275,3,Upper Competitive,KG Network,1616.14,0.4821480974273703,1.050000000000182,1,1,0,1.0
276,3,Upper Competitive,ROSY,1615.09,0.4770126186051059,0.4499999999998181,1,1,0,1.0
277,3,Upper Competitive,HYDRA,1614.64,0.474811699109851,0.3100000000001728,1,1,0,1.0
278,3,Upper Competitive,Forward,1614.33,0.4732955101242295,0.2400000000000091,1,1,0,1.0
279,3,Upper Competitive,Badass,1614.09,0.4721216863934264,0.7899999999999636,1,1,0,1.0
280,3,Upper Competitive,HellRaisers,1613.3,0.46825784994619973,0.0099999999999909,1,1,0,1.0
281,3,Upper Competitive,Young Gods,1613.29,0.46820894062408297,0.2300000000000182,1,1,0,1.0
282,3,Upper Competitive,BEE,1613.06,0.4670840262153966,0.2899999999999636,5,3,2,0.6
283,3,Upper Competitive,Reason,1612.77,0.46566565587400965,0.0299999999999727,1,1,0,1.0
284,3,Upper Competitive,Skinsauna,1612.74,0.4655189279076594,0.0799999999999272,1,1,0,1.0
285,3,Upper Competitive,ASTRAL,1612.66,0.4651276533307254,0.2300000000000182,105,52,53,0.495
286,3,Upper Competitive,Kintsugi,1612.43,0.464002738922039,0.0499999999999545,1,1,0,1.0
287,3,Upper Competitive,undefined,1612.38,0.46375819231145526,0.0500000000001819,1,1,0,1.0
288,3,Upper Competitive,VELOX,1612.33,0.4635136457008704,0.0,4,3,1,0.75
289,3,Upper Competitive,Exalty,1612.33,0.4635136457008704,0.0499999999999545,1,1,0,1.0
290,3,Upper Competitive,Websterz,1612.28,0.4632690990902867,1.6199999999998909,3,2,1,0.667
291,3,Upper Competitive,Grayhound,1610.66,0.4553457889073663,0.9500000000000456,2,2,0,1.0
292,3,Upper Competitive,Enterprise,1609.71,0.45069940330627056,0.0699999999999363,1,1,0,1.0
293,3,Upper Competitive,okura,1609.64,0.4503570380514533,0.1300000000001091,1,1,0,1.0
294,3,Upper Competitive,XPERION NXT,1609.51,0.4497212168639344,1.410000000000082,1,1,0,1.0
295,3,Upper Competitive,ProCamp,1608.1,0.44282500244546585,0.5699999999999363,1,1,0,1.0
296,3,Upper Competitive,NADE,1607.53,0.44003717108480883,0.2200000000000272,3,1,2,0.333
297,3,Upper Competitive,Jeeves,1607.31,0.4389611659982392,0.2200000000000272,2,2,0,1.0
298,3,Upper Competitive,BuzzKill,1607.09,0.43788516091166957,0.0799999999999272,1,1,0,1.0
299,3,Upper Competitive,ex-W7M,1607.01,0.43749388633473557,0.1900000000000545,5,2,3,0.4
300,3,Upper Competitive,PsychoFace,1606.82,0.4365646092145162,0.1499999999998635,33,13,20,0.394
301,3,Upper Competitive,Rare Atom,1606.67,0.4358309693827649,0.1000000000001364,41,13,28,0.317
302,3,Upper Competitive,ex-UHKA,1606.57,0.43534187616159625,0.1799999999998363,1,1,0,1.0
303,3,Upper Competitive,TRAFFIC Tashkent,1606.39,0.4344615083634948,0.4700000000000273,1,1,0,1.0
304,3,Upper Competitive,NEVERMORE,1605.92,0.43216277022400523,0.0500000000001819,1,1,0,1.0
305,3,Upper Competitive,SELVA,1605.87,0.43191822361342036,0.0899999999999181,2,1,1,0.5
306,3,Upper Competitive,GTZ,1605.78,0.4314780397143696,0.4200000000000727,2,1,1,0.5
307,3,Upper Competitive,SinnerS,1605.36,0.42942384818546386,0.0599999999999454,1,1,0,1.0
308,3,Upper Competitive,Apeks,1605.3,0.42913039225276334,1.1900000000000546,1,1,0,1.0
309,3,Upper Competitive,BLVKHVND,1604.11,0.4233101829208644,0.0399999999999636,1,1,0,1.0
310,3,Upper Competitive,Fisher College,1604.07,0.4231145456323974,0.1099999999998999,87,43,44,0.494
311,3,Upper Competitive,TBO,1603.96,0.42257654308911313,0.0399999999999636,1,1,0,1.0
312,3,Upper Competitive,Delta,1603.92,0.42238090580064613,0.3100000000001728,1,1,0,1.0
313,3,Upper Competitive,Hellslayers,1603.61,0.42086471681502463,0.099999999999909,1,1,0,1.0
314,3,Upper Competitive,DMS,1603.51,0.42037562359385716,0.2000000000000454,1,1,0,1.0
315,3,Upper Competitive,RUSH B,1603.31,0.419397437151521,0.099999999999909,8,3,5,0.375
316,3,Upper Competitive,Leça,1603.21,0.4189083439303535,0.0900000000001455,2,1,1,0.5
317,3,Upper Competitive,Imported Talent,1603.12,0.4184681600313016,0.209999999999809,1,1,0,1.0
318,3,Upper Competitive,DomiNation,1602.91,0.41744106426684985,0.0800000000001546,1,1,0,1.0
319,3,Upper Competitive,FORZE Reload,1602.83,0.41704978968991474,0.1799999999998363,108,54,54,0.5
320,3,Upper Competitive,2070,1602.65,0.4161694218918132,0.650000000000091,1,1,0,1.0
321,3,Upper Competitive,Lewandownskie,1602.0,0.4129903159542211,0.099999999999909,1,1,0,1.0
322,3,Upper Competitive,SuperMassive,1601.9,0.41250122273305356,0.2200000000000272,1,1,0,1.0
323,3,Upper Competitive,The Prodigies,1601.68,0.41142521764648393,0.4500000000000455,1,1,0,1.0
324,3,Upper Competitive,FAMBIT,1601.23,0.4092242981512279,1.1900000000000546,1,1,0,1.0
325,3,Upper Competitive,NYX,1600.04,0.403404088819329,0.7699999999999818,1,1,0,1.0
326,3,Upper Competitive,sYnck,1599.27,0.3996380710163358,0.4100000000000818,1,1,0,1.0
327,3,Upper Competitive,BIG Academy,1598.86,0.39763278880954683,0.4199999999998454,102,53,49,0.52
328,3,Upper Competitive,RAPTORS EC,1598.44,0.39557859728064215,0.0,1,1,0,1.0
329,3,Upper Competitive,LPH,1598.44,0.39557859728064215,0.9600000000000364,21,11,10,0.524
330,3,Upper Competitive,ex-1win,1597.48,0.39088330235742963,0.0299999999999727,2,1,1,0.5
331,3,Upper Competitive,Elevate,1597.45,0.39073657439107934,0.6100000000001273,1,1,0,1.0
332,3,Upper Competitive,Lazer Cats,1596.84,0.3877531057419542,0.3599999999998999,100,36,64,0.36
333,3,Upper Competitive,BOSS,1596.48,0.38599237014575005,0.2799999999999727,47,22,25,0.468
334,3,Upper Competitive,Fantastic Seven,1596.2,0.38462290912647995,0.4100000000000818,1,1,0,1.0
335,3,Upper Competitive,BORRACHEIROS,1595.79,0.3826176269196909,0.0399999999999636,12,7,5,0.583
336,3,Upper Competitive,EXO,1595.75,0.3824219896312239,0.5899999999999181,1,1,0,1.0
337,3,Upper Competitive,X,1595.16,0.3795363396263334,0.1200000000001182,1,1,0,1.0
338,3,Upper Competitive,Smoke,1595.04,0.37894942776093127,0.6499999999998636,1,1,0,1.0
339,3,Upper Competitive,mixbanan,1594.39,0.3757703218233402,0.6700000000000728,1,1,0,1.0
340,3,Upper Competitive,DBL PONEY,1593.72,0.3724933972415146,0.1800000000000636,1,1,0,1.0
341,3,Upper Competitive,LEON,1593.54,0.37161302944341196,0.0099999999999909,1,1,0,1.0
342,3,Upper Competitive,Chicken Coop,1593.53,0.3715641201212952,0.3899999999998726,100,46,54,0.46
343,3,Upper Competitive,GET BDOG'D,1593.14,0.3696566565587408,0.4000000000000909,1,1,0,1.0
344,3,Upper Competitive,PENTA,1592.74,0.36770028367406854,0.3800000000001091,1,1,0,1.0
345,3,Upper Competitive,OFFSET,1592.36,0.36584172943362975,0.3099999999999454,1,1,0,1.0
346,3,Upper Competitive,The Glecs,1592.05,0.36432554044800936,0.099999999999909,6,3,3,0.5
347,3,Upper Competitive,shrekas,1591.95,0.3638364472268419,0.25,1,1,0,1.0
348,3,Upper Competitive,Chaos,1591.7,0.36261371417392196,0.6000000000001364,6,2,4,0.333
349,3,Upper Competitive,Galaxy Racer,1591.1,0.3596791548469136,0.0199999999999818,1,1,0,1.0
350,3,Upper Competitive,BLINK,1591.08,0.35958133620268007,0.2400000000000091,1,1,0,1.0
351,3,Upper Competitive,NXT,1590.84,0.35840751247187697,0.2200000000000272,1,1,0,1.0
352,3,Upper Competitive,Chetz,1590.62,0.35733150738530733,0.5199999999999818,1,1,0,1.0
353,3,Upper Competitive,The Fundamentals,1590.1,0.354788222635234,0.7199999999997999,1,1,0,1.0
354,3,Upper Competitive,Rogue,1589.38,0.35126675144282576,0.2300000000000182,1,1,0,1.0
355,3,Upper Competitive,Vexar,1589.15,0.35014183703413937,0.5500000000001819,31,17,14,0.548
356,3,Upper Competitive,ALKA,1588.6,0.3474518243177147,0.3799999999998817,34,18,16,0.529
357,3,Upper Competitive,FengDa,1588.22,0.3455932700772771,0.6100000000001273,14,6,8,0.429
358,3,Upper Competitive,FTW,1587.61,0.34260980142815195,0.1699999999998453,3,2,1,0.667
359,3,Upper Competitive,Mousquetaires,1587.44,0.34177834295216714,0.0,16,7,9,0.438
360,3,Upper Competitive,LaChampionsLiga,1587.44,0.34177834295216714,0.1900000000000545,4,3,1,0.75
361,3,Upper Competitive,iNTACT,1587.25,0.3408490658319478,0.4300000000000636,1,1,0,1.0
362,3,Upper Competitive,Liberty fe,1586.82,0.33874596498092524,0.2400000000000091,1,1,0,1.0
363,3,Upper Competitive,STATE,1586.58,0.33757214125012214,0.3399999999999181,70,36,34,0.514
364,3,Upper Competitive,NAVI Javelins,1586.24,0.33590922429815145,0.1300000000001091,1,1,0,1.0
365,3,Upper Competitive,Vendetta,1586.11,0.3352734031106326,0.4399999999998272,1,1,0,1.0
366,3,Upper Competitive,Complexity,1585.67,0.33312139293749443,0.0,16,6,10,0.375
367,3,Upper Competitive,TÓR,1585.67,0.33312139293749443,0.0800000000001546,1,1,0,1.0
368,3,Upper Competitive,Meteor,1585.59,0.3327301183605593,0.0499999999999545,1,1,0,1.0
369,3,Upper Competitive,rottweilers,1585.54,0.33248557174997556,0.25,13,7,6,0.538
370,3,Upper Competitive,ReThink,1585.29,0.3312628386970557,0.1800000000000636,22,10,12,0.455
371,3,Upper Competitive,ENDGAME,1585.11,0.33038247089895306,0.4299999999998363,1,1,0,1.0
372,3,Upper Competitive,SAW,1584.68,0.3282793700479317,1.0499999999999543,104,50,54,0.481
373,3,Upper Competitive,Case,1583.63,0.32314389122566833,0.2200000000000272,3,2,1,0.667
374,3,Upper Competitive,Prestige,1583.41,0.3220678861390987,0.25,58,27,31,0.466
375,3,Upper Competitive,MINLATE,1583.16,0.32084515308617884,0.3400000000001455,21,8,13,0.381
376,3,Upper Competitive,regain,1582.82,0.3191822361342071,0.3699999999998908,100,51,49,0.51
377,3,Upper Competitive,zARLANS,1582.45,0.3173725912158862,0.0,1,1,0,1.0
378,3,Upper Competitive,HAVU,1582.45,0.3173725912158862,1.0599999999999454,103,48,55,0.466
379,3,Upper Competitive,Rocket,1581.39,0.31218820307150613,0.7300000000000182,1,1,0,1.0
380,3,Upper Competitive,Honvéd,1580.66,0.30861782255697995,0.1300000000001091,62,36,26,0.581
381,3,Upper Competitive,4US,1580.53,0.3079820013694611,0.3899999999998726,1,1,0,1.0
382,3,Upper Competitive,Electrify Steel,1580.14,0.3060745378069067,0.6000000000001364,1,1,0,1.0
383,3,Upper Competitive,PSYCHOACTIVE,1579.54,0.3031399784798983,0.0799999999999272,1,1,0,1.0
384,3,Upper Competitive,Nexus,1579.46,0.3027487039029643,0.3099999999999454,117,51,66,0.436
385,3,Upper Competitive,América,1579.15,0.30123251491734393,0.5199999999999818,1,1,0,1.0
386,3,Upper Competitive,900FPSvsECO,1578.63,0.2986892301672706,0.0700000000001637,1,1,0,1.0
387,3,Upper Competitive,VERTEX,1578.56,0.29834686491245227,0.3999999999998636,1,1,0,1.0
388,3,Upper Competitive,Vexilla,1578.16,0.2963904920277811,0.2400000000000091,1,1,0,1.0
389,3,Upper Competitive,EG White,1577.92,0.29521666829697796,0.0800000000001546,1,1,0,1.0
390,3,Upper Competitive,ex-TALON,1577.84,0.29482539372004285,0.1899999999998272,3,2,1,0.667
391,3,Upper Competitive,Bad News Kangaroos,1577.65,0.29389611659982456,0.0600000000001728,10,8,2,0.8
392,3,Upper Competitive,FOLHA AMARELA,1577.59,0.293602660667123,0.2200000000000272,24,12,12,0.5
393,3,Upper Competitive,UNO MILLE,1577.37,0.29252665558055335,0.4099999999998545,102,53,49,0.52
394,3,Upper Competitive,Spartak,1576.96,0.29052137337376543,0.0099999999999909,1,1,0,1.0
395,3,Upper Competitive,MOUZ NXT,1576.95,0.29047246405164867,0.0,117,57,60,0.487
396,3,Upper Competitive,Endless Journey,1576.95,0.29047246405164867,0.7699999999999818,34,17,17,0.5
397,3,Upper Competitive,Omega,1576.18,0.28670644624865554,0.1700000000000727,100,47,53,0.47
398,3,Upper Competitive,ASPYRE,1576.01,0.2858749877726696,0.0599999999999454,4,2,2,0.5
399,3,Upper Competitive,caffeine marauders,1575.95,0.28558153183996915,1.650000000000091,1,1,0,1.0
400,3,Upper Competitive,The Last Resort,1574.3,0.27751149369069744,0.4800000000000182,83,42,41,0.506
401,3,Upper Competitive,Mercenaires,1573.82,0.2751638462290912,0.1399999999998726,1,1,0,1.0
402,3,Upper Competitive,Outfit 49,1573.68,0.27447911571945666,0.0900000000001455,16,8,8,0.5
403,3,Upper Competitive,PCIFIC,1573.59,0.2740389318204048,0.349999999999909,20,9,11,0.45
404,3,Upper Competitive,Kaleido,1573.24,0.2723271055463174,0.9200000000000728,41,21,20,0.512
405,3,Upper Competitive,Make Your Mind,1572.32,0.26782744791157187,0.0599999999999454,1,1,0,1.0
406,3,Upper Competitive,Västerås,1572.26,0.26753399197887134,0.5599999999999454,2,1,1,0.5
407,3,Upper Competitive,yunglean,1571.7,0.2647950699403311,0.0599999999999454,2,1,1,0.5
408,3,Upper Competitive,Spectre,1571.64,0.26450161400763056,0.1900000000000545,1,1,0,1.0
409,3,Upper Competitive,Roler Coaster,1571.45,0.26357233688741116,0.25,2,1,1,0.5
410,3,Upper Competitive,AMKAL,1571.2,0.2623496038344913,0.0699999999999363,18,8,10,0.444
411,3,Upper Competitive,iNation,1571.13,0.26200723857967406,0.0400000000001909,3,2,1,0.667
412,3,Upper Competitive,Rolling Stone,1571.09,0.2618116012912059,1.0499999999999543,1,1,0,1.0
413,3,Upper Competitive,Arrival Seven,1570.04,0.2566761224689426,0.0199999999999818,1,1,0,1.0
414,3,Upper Competitive,los kogutos,1570.02,0.25657830382470914,0.2400000000000091,51,22,29,0.431
415,3,Upper Competitive,DRILLAS,1569.78,0.255404480093906,0.8299999999999272,2,1,1,0.5
416,3,Upper Competitive,MAYBE,1568.95,0.25134500635821233,0.0399999999999636,6,3,3,0.5
417,3,Upper Competitive,KRÜ,1568.91,0.25114936906974533,1.4300000000000637,18,7,11,0.389
418,3,Upper Competitive,Noir Verse,1567.48,0.24415533600704326,1.0499999999999543,29,14,15,0.483
419,3,Upper Competitive,my life be like,1566.43,0.23901985718477994,0.9300000000000636,1,1,0,1.0
420,3,Upper Competitive,DASH,1565.5,0.23447129022791766,0.1700000000000727,10,5,5,0.5
421,3,Upper Competitive,Let's go golfing,1565.33,0.2336398317519318,0.0099999999999909,1,1,0,1.0
422,3,Upper Competitive,Biryani,1565.32,0.23359092242981502,0.1599999999998544,1,1,0,1.0
423,3,Upper Competitive,WildLotus,1565.16,0.23280837327594703,0.290000000000191,2,1,1,0.5
424,3,Upper Competitive,OMiT,1564.87,0.23139000293455902,0.3799999999998817,1,1,0,1.0
425,3,Upper Competitive,Aurora Young Blud,1564.49,0.22953144869412137,0.650000000000091,18,8,10,0.444
426,3,Upper Competitive,ENCE Academy,1563.84,0.2263523427565292,0.0599999999999454,38,17,21,0.447
427,3,Upper Competitive,SABRE,1563.78,0.22605888682382871,0.0299999999999727,2,1,1,0.5
428,3,Upper Competitive,ScarX,1563.75,0.22591215885747845,0.2400000000000091,1,1,0,1.0
429,3,Upper Competitive,Asterius,1563.51,0.22473833512667532,0.1299999999998817,1,1,0,1.0
430,3,Upper Competitive,Freaky Saturday,1563.38,0.22410251393915756,0.0300000000002,1,1,0,1.0
431,3,Upper Competitive,straykids,1563.35,0.2239557859728062,0.1499999999998635,1,1,0,1.0
432,3,Upper Competitive,Kappa Bar,1563.2,0.22322214614105493,1.8800000000001091,1,1,0,1.0
433,3,Upper Competitive,WATERMELON,1561.32,0.21402719358309685,0.1499999999998635,6,2,4,0.333
434,3,Upper Competitive,Stirlzs Angels,1561.17,0.2132935537513456,0.1800000000000636,1,1,0,1.0
435,3,Upper Competitive,Falcons Force,1560.99,0.21241318595324296,0.1200000000001182,34,13,21,0.382
436,3,Upper Competitive,GoodGame Club,1560.87,0.21182627408784083,1.9799999999997908,2,1,1,0.5
437,3,Upper Competitive,Hesta,1558.89,0.20214222830871637,0.8700000000001182,4,2,2,0.5
438,3,Upper Competitive,MANA,1558.02,0.19788711728455458,1.099999999999909,49,19,30,0.388
439,3,Upper Competitive,MIGHT,1556.92,0.19250709185170753,0.3100000000001728,9,5,4,0.556
440,3,Upper Competitive,NITRO,1556.61,0.19099090286608603,0.459999999999809,3,2,1,0.667
441,3,Upper Competitive,Mavrek,1556.15,0.18874107404871437,0.1000000000001364,4,2,2,0.5
442,3,Upper Competitive,SHISHKA,1556.05,0.18825198082754574,0.1499999999998635,5,2,3,0.4
443,3,Upper Competitive,m0nSt3rS,1555.9,0.18751834099579448,0.4900000000000091,1,1,0,1.0
444,3,Upper Competitive,Inner Circle Academy,1555.41,0.18512178421207146,2.4200000000000728,50,24,26,0.48
445,3,Upper Competitive,Morningstar,1552.99,0.1732857282598066,0.5399999999999636,7,2,5,0.286
446,3,Upper Competitive,Nigma Galaxy,1552.45,0.17064462486549983,1.240000000000009,3,2,1,0.667
447,3,Upper Competitive,preanus,1551.21,0.16457986892301715,0.25,1,1,0,1.0
448,3,Upper Competitive,NSN,1550.96,0.16335713587009726,0.8500000000001364,5,2,3,0.4
449,3,Upper Competitive,FPL-CTalents,1550.11,0.15919984349016897,0.2199999999997999,1,1,0,1.0
450,3,Upper Competitive,Drip Too Hard,1549.89,0.15812383840360045,0.0300000000002,2,1,1,0.5
451,3,Upper Competitive,One For All,1549.86,0.1579771104372491,0.599999999999909,1,1,0,1.0
452,3,Upper Competitive,ex-Chicken Coop,1549.26,0.15504255111024182,0.6600000000000819,2,1,1,0.5
453,3,Upper Competitive,UHKA,1548.6,0.1518145358505329,1.6499999999998636,1,1,0,1.0
454,3,Upper Competitive,RED Canids Academy,1546.95,0.14374449770126232,0.7000000000000455,6,3,3,0.5
455,3,Upper Competitive,LAG,1546.25,0.14032084515308643,0.5,109,64,45,0.587
456,3,Upper Competitive,Luminosity,1545.75,0.13787537904724664,0.2699999999999818,100,39,61,0.39
457,3,Upper Competitive,IHC,1545.48,0.13655482735009325,1.0,7,3,4,0.429
458,3,Upper Competitive,BMZ,1544.48,0.1316638951384137,0.4900000000000091,13,4,9,0.308
459,3,Upper Competitive,K28,1543.99,0.1292673383546907,2.160000000000082,3,1,2,0.333
460,3,Upper Competitive,GameAgents,1541.83,0.11870292477746247,1.1499999999998636,2,1,1,0.5
461,3,Upper Competitive,Snakes Den,1540.68,0.11307835273403166,0.1400000000001,3,2,1,0.667
462,3,Upper Competitive,Sampi,1540.54,0.11239362222439604,0.4099999999998545,6,3,3,0.5
463,3,Upper Competitive,Hashiras,1540.13,0.11038834001760814,0.1700000000000727,26,11,15,0.423
464,3,Upper Competitive,Alter Iron,1539.96,0.10955688154162226,0.0299999999999727,3,2,1,0.667
465,3,Upper Competitive,TSM,1539.93,0.109410153575272,3.0499999999999545,2,1,1,0.5
466,3,Upper Competitive,The Night Club,1536.88,0.09449281032964961,0.0700000000001637,3,2,1,0.667
467,3,Upper Competitive,Binary Dragons,1536.81,0.09415044507483125,0.5899999999999181,3,2,1,0.667
468,3,Upper Competitive,ARCTIC,1536.22,0.09126479506994072,1.6000000000001364,2,1,1,0.5
469,3,Upper Competitive,Permitta,1534.62,0.08343930353125277,0.1399999999998726,103,47,56,0.456
470,3,Upper Competitive,B4 fe,1534.48,0.08275457302161826,1.0199999999999818,3,2,1,0.667
471,3,Upper Competitive,InControl,1533.46,0.07776582216570521,0.2999999999999545,28,12,16,0.429
472,3,Upper Competitive,Bebop,1533.16,0.07629854250220157,0.1500000000000909,108,55,53,0.509
473,3,Upper Competitive,Moneyball,1533.01,0.0755649026704492,1.910000000000082,2,1,1,0.5
474,3,Upper Competitive,ALTERNATE aTTaX,1531.1,0.06622322214614086,0.2999999999999545,4,2,2,0.5
475,3,Upper Competitive,Atreides,1530.8,0.06475594248263722,0.1499999999998635,76,39,37,0.513
476,3,Upper Competitive,DEPO,1530.65,0.06402230265088596,0.0900000000001455,54,30,24,0.556
477,3,Upper Competitive,bond1e,1530.56,0.06358211875183409,0.6900000000000546,4,2,2,0.5
478,3,Upper Competitive,Boston crab,1529.87,0.06020737552577494,0.8299999999999272,2,1,1,0.5
479,3,Upper Competitive,DETONATE,1529.04,0.05614790179008127,1.0699999999999363,6,4,2,0.667
480,3,Upper Competitive,benched,1527.97,0.05091460432358447,0.8199999999999363,2,1,1,0.5
481,3,Upper Competitive,CLG Red,1527.15,0.04690403991000755,0.3000000000001819,3,2,1,0.667
482,3,Upper Competitive,Petardka,1526.85,0.0454367602465028,0.8199999999999363,2,1,1,0.5
483,3,Upper Competitive,brazylijski luz,1526.03,0.04142619583292588,0.4500000000000455,29,10,19,0.345
484,3,Upper Competitive,Abyssal,1525.58,0.03922527633766986,0.4299999999998363,41,22,19,0.537
485,3,Upper Competitive,XPC,1525.15,0.03712217548664846,0.2599999999999909,2,1,1,0.5
486,3,Upper Competitive,Levadia,1524.89,0.03585053311161182,0.1900000000000545,2,1,1,0.5
487,3,Upper Competitive,Iowa Stormboar,1524.7,0.034921255991392446,0.2200000000000272,9,4,5,0.444
488,3,Upper Competitive,insane players,1524.48,0.03384525090482281,0.1800000000000636,2,1,1,0.5
489,3,Upper Competitive,GANK,1524.3,0.03296488310672018,2.7200000000000273,9,4,5,0.444
490,3,Upper Competitive,Mythic,1521.58,0.019661547490951684,0.2899999999999636,18,8,10,0.444
491,3,Upper Competitive,aimclub,1521.29,0.018243177149564794,0.8099999999999454,77,33,44,0.429
492,3,Upper Competitive,eUnited,1520.48,0.014281522058104628,0.6800000000000637,7,4,3,0.571
493,3,Upper Competitive,kONO,1519.8,0.010955688154162226,1.009999999999991,32,11,21,0.344
494,3,Upper Competitive,HEET,1518.79,0.00601584662036593,1.2300000000000182,2,1,1,0.5
495,3,Upper Competitive,PACT,1517.56,0.0,4.779999999999973,2,1,1,0.5
496,4,Competitive,KS,1512.78,1.0,0.0499999999999545,2,1,1,0.5
497,4,Competitive,NIP Impact,1512.73,0.9998816792086707,0.349999999999909,4,2,2,0.5
498,4,Competitive,VEXA,1512.38,0.9990534336693647,1.0800000000001546,13,7,6,0.538
499,4,Competitive,QUINTESSÊNCIA,1511.3,0.9964977045766482,0.6199999999998909,8,4,4,0.5
500,4,Competitive,ex-MANA,1510.68,0.9950305267641633,0.8500000000001364,30,13,17,0.433
501,4,Competitive,ex-Aether,1509.83,0.9930190733115623,0.3199999999999363,2,1,1,0.5
502,4,Competitive,Let us cook,1509.51,0.9922618202470539,0.25,2,1,1,0.5
503,4,Competitive,Daaku,1509.26,0.9916702162904066,0.0199999999999818,2,1,1,0.5
504,4,Competitive,Pulse,1509.24,0.9916228879738749,0.6300000000001091,2,1,1,0.5
505,4,Competitive,FULL SEND,1508.61,0.9901320460031235,0.5,4,2,2,0.5
506,4,Competitive,Stay Frosty,1508.11,0.9889488380898289,0.4499999999998181,2,1,1,0.5
507,4,Competitive,Entropy,1507.66,0.9878839509678643,0.1600000000000818,74,33,41,0.446
508,4,Competitive,SAW Youngsters,1507.5,0.9875053244356099,0.5599999999999454,39,18,21,0.462
509,4,Competitive,Mindfreak,1507.5,0.9875053244356099,0.0,119,66,53,0.555
510,4,Competitive,Rooster,1506.94,0.9861801315727201,0.9700000000000272,113,65,48,0.575
511,4,Competitive,SUPER EVIL GANG,1505.97,0.9838847082209287,0.3299999999999272,4,2,2,0.5
512,4,Competitive,TeamOne,1505.64,0.9831037909981545,0.1400000000001,5,2,3,0.4
513,4,Competitive,HONORIS,1505.5,0.9827724927824318,0.5399999999999636,2,1,1,0.5
514,4,Competitive,Legacy Kingdom,1504.96,0.9814946282360738,0.0499999999999545,2,1,1,0.5
515,4,Competitive,9BOOMPRO,1504.91,0.9813763074447445,1.259999999999991,10,3,7,0.3
516,4,Competitive,Rhyno,1503.65,0.9783946235032422,1.290000000000191,3,1,2,0.333
517,4,Competitive,MIBR Academy,1502.36,0.975341947086942,0.0599999999999454,55,20,35,0.364
518,4,Competitive,Volt,1502.3,0.9751999621373467,1.0599999999999454,7,3,4,0.429
519,4,Competitive,Denial,1501.24,0.9726915613611624,0.6300000000001091,2,1,1,0.5
520,4,Competitive,Dziuseppe,1500.61,0.9712007193904111,1.5599999999999454,3,1,2,0.333
521,4,Competitive,NEW VISION,1499.05,0.9675091107009324,0.3199999999999363,34,15,19,0.441
522,4,Competitive,cirahvi,1498.73,0.966751857636424,0.349999999999909,2,1,1,0.5
523,4,Competitive,TALON,1498.38,0.965923612097118,1.4700000000000273,3,1,2,0.333
524,4,Competitive,PRIME,1496.91,0.962444980832032,0.1400000000001,5,2,3,0.4
525,4,Competitive,Haunted House,1496.77,0.9621136826163094,0.7899999999999636,6,2,4,0.333
526,4,Competitive,Last Bullet,1495.98,0.9602442141133041,0.3399999999999181,9,3,6,0.333
527,4,Competitive,Lycus Empire,1495.64,0.959439632732264,0.0200000000002091,2,1,1,0.5
528,4,Competitive,Dusty Roots,1495.62,0.9593923044157318,0.3899999999998726,12,4,8,0.333
529,4,Competitive,Spacestation,1495.23,0.9584694022433623,0.0599999999999454,2,1,1,0.5
530,4,Competitive,japczany,1495.17,0.9583274172937671,0.3100000000001728,3,1,2,0.333
531,4,Competitive,ex-FUT Academy,1494.86,0.957593828387524,0.5499999999999545,2,1,1,0.5
532,4,Competitive,Four Magic,1494.31,0.9562922996829002,0.0799999999999272,5,1,4,0.2
533,4,Competitive,Clutchain,1494.23,0.9561029864167733,0.9300000000000636,4,1,3,0.25
534,4,Competitive,Misa,1493.3,0.9539022196980453,0.0799999999999272,81,35,46,0.432
535,4,Competitive,MCS,1493.22,0.9537129064319183,0.1900000000000545,2,1,1,0.5
536,4,Competitive,GameHunters,1493.03,0.9532632874248663,1.0499999999999543,50,16,34,0.32
537,4,Competitive,yngods,1491.98,0.9507785508069478,0.0599999999999454,9,4,5,0.444
538,4,Competitive,TTC,1491.92,0.9506365658573527,0.5800000000001546,2,1,1,0.5
539,4,Competitive,Coalesce,1491.34,0.9492640446779307,1.8999999999998636,84,41,43,0.488
540,4,Competitive,roamsfiest,1489.44,0.9447678546074118,1.240000000000009,4,2,2,0.5
541,4,Competitive,Boca Juniors,1488.2,0.9418334989824414,0.1400000000001,2,1,1,0.5
542,4,Competitive,Prison Breakers,1488.06,0.9415022007667186,2.1399999999998727,5,2,3,0.4
543,4,Competitive,Anonymo,1485.92,0.9364380708978184,0.910000000000082,5,2,3,0.4
544,4,Competitive,Feenix,1485.01,0.9342846324956222,0.0599999999999454,2,1,1,0.5
545,4,Competitive,5Actors,1484.95,0.9341426475460269,0.6700000000000728,5,1,4,0.2
546,4,Competitive,DEFEATERS,1484.28,0.9325571489422121,0.2899999999999636,2,1,1,0.5
547,4,Competitive,HubaBuba,1483.99,0.9318708883525014,0.7599999999999909,3,1,2,0.333
548,4,Competitive,Red Wolves,1483.23,0.9300724123242937,0.0199999999999818,2,1,1,0.5
549,4,Competitive,Memeories,1483.21,0.930025084007762,0.2599999999999909,5,2,3,0.4
550,4,Competitive,Victorum,1482.95,0.9294098158928489,2.1200000000001182,2,1,1,0.5
551,4,Competitive,Arch,1480.83,0.9243930143404798,2.740000000000009,7,3,4,0.429
552,4,Competitive,FC Dynamo Kyiv,1478.09,0.9179090349756258,0.5299999999999727,1,0,1,0.0
553,4,Competitive,Magic School Bus,1477.56,0.9166548345875336,0.5799999999999272,2,1,1,0.5
554,4,Competitive,Phantom Academy,1476.98,0.9152823134081122,0.910000000000082,16,7,9,0.438
555,4,Competitive,DRGN,1476.07,0.9131288750059159,1.0399999999999636,4,1,3,0.25
556,4,Competitive,Viperio,1475.03,0.9106678025462634,0.1900000000000545,7,3,4,0.429
557,4,Competitive,Wingman,1474.84,0.9102181835392114,0.0599999999999454,8,4,4,0.5
558,4,Competitive,cswalkers,1474.78,0.9100761985896162,2.2100000000000364,3,1,2,0.333
559,4,Competitive,Monte Gen,1472.57,0.9048464196128543,0.9299999999998364,3,1,2,0.333
560,4,Competitive,GUESS,1471.64,0.9026456528941268,0.540000000000191,3,1,2,0.333
561,4,Competitive,Vagrants,1471.1,0.9013677883477683,0.7899999999999636,3,1,2,0.333
562,4,Competitive,GOOD GAME SPOT,1470.31,0.899498319844763,0.6799999999998363,1,0,1,0.0
563,4,Competitive,Dark Knight,1469.63,0.8978891570826829,0.7100000000000364,1,0,1,0.0
564,4,Competitive,Tsunami,1468.92,0.8962090018458045,0.4400000000000545,2,1,1,0.5
565,4,Competitive,Kraken Seas,1468.48,0.8951677788821053,0.2799999999999727,1,0,1,0.0
566,4,Competitive,Incognito,1468.2,0.8945051824506604,0.5199999999999818,1,0,1,0.0
567,4,Competitive,Just Swing,1467.68,0.8932746462208341,0.1200000000001182,10,3,7,0.3
568,4,Competitive,The Bardolphs,1467.56,0.8929906763216432,0.0299999999999727,2,1,1,0.5
569,4,Competitive,low cortisol,1467.53,0.8929196838468455,0.25,1,0,1,0.0
570,4,Competitive,Verstappen peek,1467.28,0.8923280798901982,0.4400000000000545,1,0,1,0.0
571,4,Competitive,inSanitY fe,1466.84,0.891286856926499,0.3699999999998908,2,1,1,0.5
572,4,Competitive,BUHAWI,1466.47,0.8904112830706613,0.5599999999999454,2,1,1,0.5
573,4,Competitive,WINNERS,1465.91,0.8890860902077715,0.5500000000001819,1,0,1,0.0
574,4,Competitive,HEROIC Academy,1465.36,0.8877845615031471,0.099999999999909,43,14,29,0.326
575,4,Competitive,Fuzos,1465.26,0.8875479199204884,0.4100000000000818,13,5,8,0.385
576,4,Competitive,Sangrija,1464.85,0.8865776894315868,0.099999999999909,1,0,1,0.0
577,4,Competitive,MASONIC,1464.75,0.8863410478489281,0.0399999999999636,60,17,43,0.283
578,4,Competitive,z to forward,1464.71,0.8862463912158646,0.4100000000000818,1,0,1,0.0
579,4,Competitive,modeame,1464.3,0.8852761607269629,0.1299999999998817,1,0,1,0.0
580,4,Competitive,MAJOR WINNERS,1464.17,0.8849685266695065,0.1900000000000545,1,0,1,0.0
581,4,Competitive,Karma,1463.98,0.8845189076624546,0.1900000000000545,2,1,1,0.5
582,4,Competitive,EG Gold,1463.79,0.8840692886554025,0.3799999999998817,2,1,1,0.5
583,4,Competitive,NIO,1463.41,0.8831700506412989,0.1400000000001,1,0,1,0.0
584,4,Competitive,ROCEAN,1463.27,0.8828387524255762,0.3599999999998999,1,0,1,0.0
585,4,Competitive,SKDC,1462.91,0.8819868427280044,0.0400000000001909,1,0,1,0.0
586,4,Competitive,Foxtrot,1462.87,0.8818921860949404,0.3799999999998817,1,0,1,0.0
587,4,Competitive,West Coast Grinders,1462.49,0.8809929480808368,0.3599999999998999,1,0,1,0.0
588,4,Competitive,GENKID4M4,1462.13,0.880141038383265,0.4900000000000091,2,1,1,0.5
589,4,Competitive,Gluck,1461.64,0.8789814946282364,0.2300000000000182,1,0,1,0.0
590,4,Competitive,Animus Victoria,1461.41,0.8784372189881209,0.0600000000001728,10,4,6,0.4
591,4,Competitive,GR,1461.35,0.878295234038525,1.6199999999998909,1,0,1,0.0
592,4,Competitive,Starlinks,1459.73,0.8744616403994511,0.0299999999999727,1,0,1,0.0
593,4,Competitive,powerFinesse,1459.7,0.8743906479246535,0.0900000000001455,1,0,1,0.0
594,4,Competitive,ex-Sashi Academy,1459.61,0.8741776705002601,0.0399999999999636,7,3,4,0.429
595,4,Competitive,Bpro,1459.57,0.8740830138671967,0.1499999999998635,3,1,2,0.333
596,4,Competitive,NinJa,1459.42,0.8737280514932086,0.1400000000001,1,0,1,0.0
597,4,Competitive,USA,1459.28,0.8733967532774859,1.0799999999999272,1,0,1,0.0
598,4,Competitive,Glitchtech,1458.2,0.8708410241847699,0.2899999999999636,1,0,1,0.0
599,4,Competitive,9z Academy,1457.91,0.8701547635950592,0.6900000000000546,4,2,2,0.5
600,4,Competitive,Ducky Momo Squad,1457.22,0.8685219366747126,0.3099999999999454,1,0,1,0.0
601,4,Competitive,Sensation,1456.91,0.8677883477684701,0.1100000000001273,5,1,4,0.2
602,4,Competitive,REM,1456.8,0.867528042027545,0.5599999999999454,1,0,1,0.0
603,4,Competitive,Derpy diamond dudes,1456.24,0.8662028491646553,0.0799999999999272,1,0,1,0.0
604,4,Competitive,Legion,1456.16,0.8660135358985284,0.1500000000000909,7,2,5,0.286
605,4,Competitive,EHISTO BASE,1456.01,0.8656585735245398,0.2699999999999818,1,0,1,0.0
606,4,Competitive,Passion Chicha,1455.74,0.8650196412513608,0.3599999999998999,1,0,1,0.0
607,4,Competitive,REVENIX,1455.38,0.8641677315537889,0.2700000000002092,1,0,1,0.0
608,4,Competitive,No Radar,1455.11,0.8635287992806094,0.0599999999999454,1,0,1,0.0
609,4,Competitive,Shanghai Sharks,1455.05,0.8633868143310142,0.0199999999999818,1,0,1,0.0
610,4,Competitive,Steel Helmet,1455.03,0.8633394860144824,0.099999999999909,1,0,1,0.0
611,4,Competitive,ATOMIK,1454.93,0.8631028444318237,0.8100000000001728,1,0,1,0.0
612,4,Competitive,WAZABI,1454.12,0.8611860476122862,0.0799999999999272,9,3,6,0.333
613,4,Competitive,Eh,1454.04,0.8609967343461593,0.3799999999998817,1,0,1,0.0
614,4,Competitive,Walk The Talk,1453.66,0.8600974963320557,0.7200000000000273,1,0,1,0.0
615,4,Competitive,TokyoSavage,1452.94,0.8583936769369115,1.0199999999999818,1,0,1,0.0
616,4,Competitive,Virtual Cottage,1451.92,0.8559799327937907,0.0199999999999818,2,1,1,0.5
617,4,Competitive,NIP Legends,1451.9,0.855932604477259,0.7599999999999909,1,0,1,0.0
618,4,Competitive,MANTRA,1451.14,0.8541341284490513,0.1100000000001273,5,3,2,0.6
619,4,Competitive,PURE,1451.03,0.8538738227081263,0.3199999999999363,16,6,10,0.375
620,4,Competitive,WOLF,1450.71,0.8531165696436179,0.0199999999999818,1,0,1,0.0
621,4,Competitive,RBG,1450.69,0.8530692413270862,0.5700000000001637,1,0,1,0.0
622,4,Competitive,11mins,1450.12,0.85172038430593,0.5499999999999545,3,1,2,0.333
623,4,Competitive,BULGARIAPEEK,1449.57,0.8504188556013061,1.0699999999999363,1,0,1,0.0
624,4,Competitive,Hemmaplan,1448.5,0.847886790666856,0.2200000000000272,1,0,1,0.0
625,4,Competitive,lafox,1448.28,0.8473661791850063,0.7000000000000455,1,0,1,0.0
626,4,Competitive,B8 Academy,1447.58,0.8457096881063939,1.0799999999999272,7,3,4,0.429
627,4,Competitive,ALLINNERS,1446.5,0.843153959013678,0.0299999999999727,34,11,23,0.324
628,4,Competitive,playersclub,1446.47,0.8430829665388803,0.0299999999999727,7,2,5,0.286
629,4,Competitive,moneyF,1446.44,0.8430119740640827,0.75,1,0,1,0.0
630,4,Competitive,Void Sentinels,1445.69,0.8412371621941409,0.0199999999999818,1,0,1,0.0
631,4,Competitive,Palace,1445.67,0.8411898338776091,0.0800000000001546,1,0,1,0.0
632,4,Competitive,Triumph,1445.59,0.8410005206114817,0.2899999999999636,2,0,1,0.0
633,4,Competitive,MUERTA,1445.3,0.840314260021771,0.0899999999999181,4,1,3,0.25
634,4,Competitive,Wings of Freedom,1445.21,0.8401012825973782,0.2000000000000454,1,0,1,0.0
635,4,Competitive,MANGANESE,1445.01,0.8396279994320602,0.5399999999999636,1,0,1,0.0
636,4,Competitive,Take Me Away,1444.47,0.8383501348857022,0.0699999999999363,1,0,1,0.0
637,4,Competitive,MAKING HISTORY,1444.4,0.8381844857778411,0.1200000000001182,2,1,1,0.5
638,4,Competitive,OUTPLAYED,1444.28,0.8379005158786502,0.9600000000000364,1,0,1,0.0
639,4,Competitive,HAFO,1443.32,0.8356287566851246,1.2100000000000364,1,0,1,0.0
640,4,Competitive,M1X KS,1442.11,0.8327653935349517,0.2799999999999727,10,3,7,0.3
641,4,Competitive,descalco na neve,1441.83,0.8321027971035069,0.4299999999998363,1,0,1,0.0
642,4,Competitive,VODKA,1441.4,0.831085238298074,0.25,1,0,1,0.0
643,4,Competitive,Mindgamer,1441.15,0.8304936343414268,0.8300000000001546,1,0,1,0.0
644,4,Competitive,Club 333,1440.32,0.8285295092053574,0.1299999999998817,10,4,6,0.4
645,4,Competitive,Just Passing By,1440.19,0.8282218751479011,0.1100000000001273,1,0,1,0.0
646,4,Competitive,Wampirki,1440.08,0.8279615694069761,0.2699999999999818,3,1,2,0.333
647,4,Competitive,HAWAII,1439.81,0.8273226371337971,0.0299999999999727,1,0,1,0.0
648,4,Competitive,ex-SABRE,1439.78,0.8272516446589995,0.4300000000000636,1,0,1,0.0
649,4,Competitive,Space,1439.35,0.8262340858535661,0.0599999999999454,5,2,3,0.4
650,4,Competitive,SUPERMATCH,1439.29,0.8260921009039708,0.6800000000000637,1,0,1,0.0
651,4,Competitive,FUT Academy,1438.61,0.8244829381418901,0.6699999999998454,4,1,3,0.25
652,4,Competitive,PF,1437.94,0.8228974395380758,0.7799999999999727,1,0,1,0.0
653,4,Competitive,Omen,1437.16,0.8210516351933363,0.1200000000001182,1,0,1,0.0
654,4,Competitive,Comanche,1437.04,0.8207676652941455,0.0199999999999818,1,0,1,0.0
655,4,Competitive,Black Dragons fe,1437.02,0.8207203369776137,0.5399999999999636,4,2,2,0.5
656,4,Competitive,m1x,1436.48,0.8194424724312557,1.110000000000127,1,0,1,0.0
657,4,Competitive,Capybara,1435.37,0.8168157508637416,0.2599999999999909,1,0,1,0.0
658,4,Competitive,antigrind,1435.11,0.8162004827488284,0.5899999999999181,1,0,1,0.0
659,4,Competitive,Cloud9,1434.52,0.814804297411141,0.1199999999998908,8,2,6,0.25
660,4,Competitive,Radford University,1434.4,0.8145203275119507,0.4700000000000273,2,0,2,0.0
661,4,Competitive,BESTIA Academy,1433.93,0.8134081120734538,0.0299999999999727,55,22,33,0.4
662,4,Competitive,Change The Game,1433.9,0.8133371195986562,0.0900000000001455,13,3,10,0.231
663,4,Competitive,BORING PLAYERS,1433.81,0.8131241421742628,0.5599999999999454,8,2,6,0.25
664,4,Competitive,KLG,1433.25,0.811798949311373,0.1199999999998908,1,0,1,0.0
665,4,Competitive,boyband,1433.13,0.8115149794121826,0.1300000000001091,1,0,1,0.0
666,4,Competitive,ex-Fire Flux,1433.0,0.8112073453547257,0.1400000000001,1,0,1,0.0
667,4,Competitive,Zomblers,1432.86,0.8108760471390031,0.5099999999999909,23,6,17,0.261
668,4,Competitive,Singularity,1432.35,0.8096691750674426,0.1499999999998635,3,1,2,0.333
669,4,Competitive,B52,1432.2,0.8093142126934546,0.0800000000001546,1,0,1,0.0
670,4,Competitive,Unitronics,1432.12,0.8091248994273271,0.5099999999999909,1,0,1,0.0
671,4,Competitive,zajezdzacze,1431.61,0.8079180273557668,0.459999999999809,21,8,13,0.381
672,4,Competitive,pugs4contract,1431.15,0.8068294760755362,0.3700000000001182,1,0,1,0.0
673,4,Competitive,southern lights,1430.78,0.805953902219698,0.2599999999999909,2,0,2,0.0
674,4,Competitive,Tricksters,1430.52,0.8053386341047849,0.0899999999999181,19,7,12,0.368
675,4,Competitive,Nas,1430.43,0.805125656680392,0.0800000000001546,1,0,1,0.0
676,4,Competitive,FACEITPLAYERS,1430.35,0.8049363434142646,0.5,1,0,1,0.0
677,4,Competitive,Athlon,1429.85,0.80375313550097,0.3299999999999272,1,0,1,0.0
678,4,Competitive,inputprayers,1429.52,0.8029722182781959,0.4900000000000091,1,0,1,0.0
679,4,Competitive,FIN,1429.03,0.8018126745231672,0.5099999999999909,1,0,1,0.0
680,4,Competitive,Sola,1428.52,0.8006058024516067,0.1099999999998999,1,0,1,0.0
681,4,Competitive,MAGNA,1428.41,0.8003454967106822,0.1400000000001,2,0,2,0.0
682,4,Competitive,Bad News Capybaras,1428.27,0.8000141984949595,0.349999999999909,1,0,1,0.0
683,4,Competitive,barry pickers,1427.92,0.7991859529556535,0.3400000000001455,2,0,2,0.0
684,4,Competitive,Bad News Bears,1427.58,0.798381371574613,0.1699999999998453,3,1,2,0.333
685,4,Competitive,ex-Daotsu,1427.41,0.7979790808840932,0.1500000000000909,1,0,1,0.0
686,4,Competitive,Aogiri,1427.26,0.7976241185101046,0.8299999999999272,1,0,1,0.0
687,4,Competitive,coluant,1426.43,0.7956599933740358,0.5800000000001546,1,0,1,0.0
688,4,Competitive,DESEMPREGO,1425.85,0.7942874721946138,0.2599999999999909,1,0,1,0.0
689,4,Competitive,Overpeek,1425.59,0.7936722040797007,1.25,1,0,1,0.0
690,4,Competitive,ex-500,1424.34,0.7907141842964645,0.0,1,0,1,0.0
691,4,Competitive,WHYKICK,1424.34,0.7907141842964645,0.1599999999998544,1,0,1,0.0
692,4,Competitive,The Union,1424.18,0.7903355577642105,0.1600000000000818,1,0,1,0.0
693,4,Competitive,Clockwork,1424.02,0.7899569312319561,0.0799999999999272,1,0,1,0.0
694,4,Competitive,DNG,1423.94,0.7897676179658291,0.1300000000001091,1,0,1,0.0
695,4,Competitive,paiN Academy,1423.81,0.7894599839083722,0.0499999999999545,101,41,60,0.406
696,4,Competitive,Victores Sumus,1423.76,0.7893416631170429,0.0099999999999909,1,0,1,0.0
697,4,Competitive,YinYang,1423.75,0.7893179989587771,0.0099999999999909,3,1,2,0.333
698,4,Competitive,TUSTE CHOPAKI,1423.74,0.7892943348005111,0.349999999999909,1,0,1,0.0
699,4,Competitive,KlanPedrajas,1423.39,0.7884660892612052,0.0600000000001728,2,0,2,0.0
700,4,Competitive,ex-Astralis Talent,1423.33,0.7883241043116095,0.0899999999999181,1,0,1,0.0
701,4,Competitive,SHPL,1423.24,0.7881111268872166,0.8099999999999454,1,0,1,0.0
702,4,Competitive,Ape Gang,1422.43,0.7861943300676797,0.0800000000001546,1,0,1,0.0
703,4,Competitive,mouse,1422.35,0.7860050168015522,0.1199999999998908,4,1,3,0.25
704,4,Competitive,MOB,1422.23,0.7857210469023618,0.4400000000000545,1,0,1,0.0
705,4,Competitive,Entropiq,1421.79,0.7846798239386624,0.0199999999999818,1,0,1,0.0
706,4,Competitive,LT5,1421.77,0.7846324956221307,0.2000000000000454,1,0,1,0.0
707,4,Competitive,Sentinels,1421.57,0.7841592124568127,0.099999999999909,1,0,1,0.0
708,4,Competitive,DONSTU,1421.47,0.7839225708741541,0.0099999999999909,57,24,33,0.421
709,4,Competitive,Meta Academy,1421.46,0.7838989067158882,0.0599999999999454,1,0,1,0.0
710,4,Competitive,Nemesis SEA,1421.4,0.783756921766293,0.0600000000001728,2,0,2,0.0
711,4,Competitive,Take Flyte Kings,1421.34,0.7836149368166972,0.1699999999998453,1,0,1,0.0
712,4,Competitive,Re Di,1421.17,0.7832126461261775,0.2400000000000091,2,0,2,0.0
713,4,Competitive,True Thunder,1420.93,0.7826447063277961,0.5099999999999909,1,0,1,0.0
714,4,Competitive,sleepers,1420.42,0.7814378342562357,0.1800000000000636,1,0,1,0.0
715,4,Competitive,Stone,1420.24,0.7810118794074495,0.4900000000000091,1,0,1,0.0
716,4,Competitive,Infinity,1419.75,0.7798523356524208,0.1300000000001091,3,1,2,0.333
717,4,Competitive,PIVOSQUAD,1419.62,0.779544701594964,0.4899999999997817,2,0,2,0.0
718,4,Competitive,Believe,1419.13,0.7783851578399359,0.4900000000000091,1,0,1,0.0
719,4,Competitive,INFINITE Talent,1418.64,0.7772256140849073,0.0800000000001546,2,0,2,0.0
720,4,Competitive,way2go,1418.56,0.7770363008187797,0.0899999999999181,1,0,1,0.0
721,4,Competitive,AY4S,1418.47,0.776823323394387,0.5399999999999636,1,0,1,0.0
722,4,Competitive,HTX,1417.93,0.775545458848029,0.1300000000001091,1,0,1,0.0
723,4,Competitive,DQZS,1417.8,0.7752378247905721,0.0799999999999272,1,0,1,0.0
724,4,Competitive,FKOMAR,1417.72,0.7750485115244452,0.0399999999999636,2,0,2,0.0
725,4,Competitive,Grêmio,1417.68,0.7749538548913817,0.0800000000001546,10,4,6,0.4
726,4,Competitive,The MongolZ Academy,1417.6,0.7747645416252542,0.3199999999999363,2,0,2,0.0
727,4,Competitive,IKLA,1417.28,0.7740072885607459,0.1900000000000545,1,0,1,0.0
728,4,Competitive,Turkey,1417.09,0.7735576695536938,0.0299999999999727,1,0,1,0.0
729,4,Competitive,NAOCOPULAS,1417.06,0.7734866770788962,0.2899999999999636,2,0,2,0.0
730,4,Competitive,Canada,1416.77,0.7728004164891855,0.1199999999998908,1,0,1,0.0
731,4,Competitive,Davai Napadai,1416.65,0.7725164465899951,0.25,1,0,1,0.0
732,4,Competitive,Argentina,1416.4,0.7719248426333478,0.1700000000000727,1,0,1,0.0
733,4,Competitive,GLORE,1416.23,0.7715225519428275,0.0699999999999363,1,0,1,0.0
734,4,Competitive,The Art of War,1416.16,0.7713569028349664,0.0,7,4,3,0.571
735,4,Competitive,hindsight,1416.16,0.7713569028349664,0.1500000000000909,1,0,1,0.0
736,4,Competitive,Mamba mentality,1416.01,0.7710019404609778,0.1500000000000909,1,0,1,0.0
737,4,Competitive,KZG,1415.86,0.7706469780869892,0.0499999999999545,15,7,8,0.467
738,4,Competitive,FRZ,1415.81,0.7705286572956599,0.0799999999999272,2,0,2,0.0
739,4,Competitive,Mad Kings,1415.73,0.770339344029533,0.1600000000000818,3,1,2,0.333
740,4,Competitive,Villainous,1415.57,0.7699607174972785,0.0599999999999454,61,23,38,0.377
741,4,Competitive,163ON,1415.51,0.7698187325476833,0.099999999999909,1,0,1,0.0
742,4,Competitive,The Gentlemans Kennel,1415.41,0.7695820909650246,0.2699999999999818,1,0,1,0.0
743,4,Competitive,AGO,1415.14,0.7689431586918456,0.0400000000001909,1,0,1,0.0
744,4,Competitive,Imperial Valkyries,1415.1,0.7688485020587815,0.0199999999999818,3,1,2,0.333
745,4,Competitive,Flame Sharks,1415.08,0.7688011737422499,0.0099999999999909,4,1,3,0.25
746,4,Competitive,Katuna,1415.07,0.7687775095839839,0.2999999999999545,1,0,1,0.0
747,4,Competitive,ex-RED Canids,1414.77,0.7680675848360073,0.1500000000000909,1,0,1,0.0
748,4,Competitive,ex-Fingers Crossed,1414.62,0.7677126224620188,0.0399999999999636,1,0,1,0.0
749,4,Competitive,Norway,1414.58,0.7676179658289554,0.1099999999998999,1,0,1,0.0
750,4,Competitive,NXG,1414.47,0.7673576600880307,0.0399999999999636,1,0,1,0.0
751,4,Competitive,UnderDogs,1414.43,0.7672630034549672,0.3300000000001546,5,1,4,0.2
752,4,Competitive,AntyDPM,1414.1,0.7664820862321925,0.3399999999999181,1,0,1,0.0
753,4,Competitive,Budapest Five,1413.76,0.7656775048511525,0.2300000000000182,1,0,1,0.0
754,4,Competitive,ENERGYULTRA,1413.53,0.7651332292110369,0.1499999999998635,3,1,2,0.333
755,4,Competitive,Insomnia,1413.38,0.7647782668370489,0.0500000000001819,1,0,1,0.0
756,4,Competitive,flowstate,1413.33,0.764659946045719,0.0699999999999363,1,0,1,0.0
757,4,Competitive,ROFLAN SQUAD,1413.26,0.764494296937858,0.0399999999999636,1,0,1,0.0
758,4,Competitive,EPIC DUDES,1413.22,0.7643996403047945,0.0599999999999454,3,1,2,0.333
759,4,Competitive,For Fun,1413.16,0.7642576553551992,0.0299999999999727,1,0,1,0.0
760,4,Competitive,dice,1413.13,0.7641866628804016,0.1100000000001273,1,0,1,0.0
761,4,Competitive,Nigel Mirage,1413.02,0.7639263571394765,0.1399999999998726,1,0,1,0.0
762,4,Competitive,ex-Maestro,1412.88,0.7635950589237543,0.0300000000002,1,0,1,0.0
763,4,Competitive,n00rg,1412.85,0.7635240664489562,0.0699999999999363,1,0,1,0.0
764,4,Competitive,NF0,1412.78,0.7633584173410951,0.0399999999999636,1,0,1,0.0
765,4,Competitive,Luminous,1412.74,0.7632637607080317,0.0099999999999909,2,0,2,0.0
766,4,Competitive,CSDIILIT,1412.73,0.7632400965497658,0.1600000000000818,35,12,23,0.343
767,4,Competitive,ROYALS,1412.57,0.7628614700175114,0.1299999999998817,3,1,2,0.333
768,4,Competitive,Rasta,1412.44,0.7625538359600551,0.0399999999999636,1,0,1,0.0
769,4,Competitive,TSG,1412.4,0.7624591793269916,0.1100000000001273,7,2,5,0.286
770,4,Competitive,Polar Ace,1412.29,0.7621988735860665,0.4099999999998545,1,0,1,0.0
771,4,Competitive,TMVG,1411.88,0.7612286430971653,0.1300000000001091,1,0,1,0.0
772,4,Competitive,Galactik rebels,1411.75,0.7609210090397085,0.0899999999999181,2,0,2,0.0
773,4,Competitive,Kraken,1411.66,0.7607080316153156,0.2200000000000272,1,0,1,0.0
774,4,Competitive,SKIBIDIES,1411.44,0.760187420133466,0.0299999999999727,1,0,1,0.0
775,4,Competitive,ex-Young Ninjas,1411.41,0.7601164276586684,0.4400000000000545,4,1,3,0.25
776,4,Competitive,Tropa do KinGui,1410.97,0.7590752046949691,0.0099999999999909,3,1,2,0.333
777,4,Competitive,25 cents,1410.96,0.7590515405367032,0.1000000000001364,2,0,2,0.0
778,4,Competitive,WWGGKTA,1410.86,0.758814898954044,0.1399999999998726,1,0,1,0.0
779,4,Competitive,Make Your Destiny,1410.72,0.7584836007383218,0.1200000000001182,1,0,1,0.0
780,4,Competitive,SadFamous,1410.6,0.7581996308391309,0.1899999999998272,2,0,2,0.0
781,4,Competitive,ex-ENCE,1410.41,0.7577500118320794,0.0299999999999727,1,0,1,0.0
782,4,Competitive,Glitchtech UK,1410.38,0.7576790193572818,0.0600000000001728,2,1,1,0.5
783,4,Competitive,Washed,1410.32,0.7575370344076859,0.349999999999909,1,0,1,0.0
784,4,Competitive,TURAN,1409.97,0.75670878886838,0.1900000000000545,1,0,1,0.0
785,4,Competitive,Peak,1409.78,0.756259169861328,0.2400000000000091,1,0,1,0.0
786,4,Competitive,RB,1409.54,0.7556912300629466,0.0299999999999727,1,0,1,0.0
787,4,Competitive,Third Prime,1409.51,0.755620237588149,0.1299999999998817,1,0,1,0.0
788,4,Competitive,TIMACETA,1409.38,0.7553126035306927,0.3300000000001546,1,0,1,0.0
789,4,Competitive,Last Dance,1409.05,0.7545316863079179,0.1299999999998817,1,0,1,0.0
790,4,Competitive,adalYamigos,1408.92,0.7542240522504616,0.0399999999999636,1,0,1,0.0
791,4,Competitive,LDLC,1408.88,0.7541293956173982,0.2300000000000182,1,0,1,0.0
792,4,Competitive,Dark Tigre,1408.65,0.7535851199772826,0.1500000000000909,2,0,2,0.0
793,4,Competitive,JFT,1408.5,0.753230157603294,0.0399999999999636,1,0,1,0.0
794,4,Competitive,mXm,1408.46,0.7531355009702306,0.1100000000001273,4,1,3,0.25
795,4,Competitive,PUBG aim,1408.35,0.7528751952293055,0.0799999999999272,1,0,1,0.0
796,4,Competitive,ex-Heimo,1408.27,0.7526858819631785,0.3099999999999454,1,0,1,0.0
797,4,Competitive,FURIA fe,1407.96,0.7519522930569361,0.1000000000001364,35,20,15,0.571
798,4,Competitive,Envy,1407.86,0.7517156514742769,0.0799999999999272,6,2,4,0.333
799,4,Competitive,JackBoyz,1407.78,0.7515263382081498,0.2699999999999818,1,0,1,0.0
800,4,Competitive,MIBR fe,1407.51,0.7508874059349709,0.3799999999998817,96,50,46,0.521
801,4,Competitive,Chicken Burger,1407.13,0.7499881679208673,0.0700000000001637,1,0,1,0.0
802,4,Competitive,WannaNow,1407.06,0.7498225188130058,0.0699999999999363,1,0,1,0.0
803,4,Competitive,CS-GO.rs,1407.06,0.7498225188130058,0.0,1,0,1,0.0
804,4,Competitive,Revenant,1406.99,0.7496568697051447,0.0399999999999636,1,0,1,0.0
805,4,Competitive,GamersLab,1406.95,0.7495622130720812,0.0800000000001546,4,1,3,0.25
806,4,Competitive,absolute cinema,1406.87,0.7493728998059537,0.0,1,0,1,0.0
807,4,Competitive,Rum Bumpers,1406.87,0.7493728998059537,0.1699999999998453,1,0,1,0.0
808,4,Competitive,MASQ,1406.7,0.7489706091154339,0.3300000000001546,1,0,1,0.0
809,4,Competitive,Deorum,1406.37,0.7481896918926592,0.0599999999999454,1,0,1,0.0
810,4,Competitive,Reveal,1406.31,0.7480477069430639,0.25,1,0,1,0.0
811,4,Competitive,RAGE,1406.06,0.7474561029864166,0.2799999999999727,1,0,1,0.0
812,4,Competitive,By Legends,1405.78,0.7467935065549718,0.0199999999999818,1,0,1,0.0
813,4,Competitive,LFO 3,1405.76,0.74674617823844,0.0499999999999545,1,0,1,0.0
814,4,Competitive,Xcity,1405.71,0.7466278574471107,0.0599999999999454,1,0,1,0.0
815,4,Competitive,Evo Novo,1405.65,0.7464858724975155,0.0700000000001637,2,0,2,0.0
816,4,Competitive,Hawks,1405.58,0.7463202233896539,0.3199999999999363,1,0,1,0.0
817,4,Competitive,DOG,1405.26,0.7455629703251455,0.1099999999998999,1,0,1,0.0
818,4,Competitive,LL,1405.15,0.745302664584221,0.0500000000001819,1,0,1,0.0
819,4,Competitive,dotStats,1405.1,0.7451843437928911,0.0399999999999636,1,0,1,0.0
820,4,Competitive,FURIA Academy,1405.06,0.7450896871598276,0.0199999999999818,1,0,1,0.0
821,4,Competitive,Magic Cape,1405.04,0.7450423588432958,0.0899999999999181,1,0,1,0.0
822,4,Competitive,ex-CPH Wolves,1404.95,0.7448293814189031,0.1900000000000545,1,0,1,0.0
823,4,Competitive,Spirit Academy Black,1404.76,0.744379762411851,0.0699999999999363,2,0,2,0.0
824,4,Competitive,Deathtrap,1404.69,0.7442141133039899,0.1900000000000545,1,0,1,0.0
825,4,Competitive,Pixel,1404.5,0.7437644942969379,0.4800000000000182,1,0,1,0.0
826,4,Competitive,makeSHIFT,1404.02,0.742628614700175,0.1600000000000818,1,0,1,0.0
827,4,Competitive,Bounty Hunters fe,1403.86,0.7422499881679206,0.0899999999999181,1,0,1,0.0
828,4,Competitive,Preasy,1403.77,0.7420370107435278,0.2599999999999909,1,0,1,0.0
829,4,Competitive,FarmVille,1403.51,0.7414217426286147,0.1800000000000636,14,4,10,0.286
830,4,Competitive,Swole Patrol,1403.33,0.7409957877798286,0.0799999999999272,1,0,1,0.0
831,4,Competitive,Super Shy,1403.25,0.7408064745137015,0.0899999999999181,1,0,1,0.0
832,4,Competitive,Galorys Academy,1403.16,0.7405934970893088,0.2699999999999818,1,0,1,0.0
833,4,Competitive,iPon,1402.89,0.7399545648161298,0.1100000000001273,1,0,1,0.0
834,4,Competitive,Nyxon,1402.78,0.7396942590752047,0.2300000000000182,1,0,1,0.0
835,4,Competitive,Hooligangsters,1402.55,0.7391499834350891,0.0499999999999545,1,0,1,0.0
836,4,Competitive,Limitless,1402.5,0.7390316626437597,0.1900000000000545,3,1,2,0.333
837,4,Competitive,The Prodigies SE,1402.31,0.7385820436367078,0.0399999999999636,1,0,1,0.0
838,4,Competitive,Legends,1402.27,0.7384873870036442,0.1199999999998908,1,0,1,0.0
839,4,Competitive,Aether,1402.15,0.7382034171044538,0.0,24,6,18,0.25
840,4,Competitive,Famalicão,1402.15,0.7382034171044538,0.1700000000000727,19,5,14,0.263
841,4,Competitive,Orda,1401.98,0.7378011264139335,0.1400000000001,3,1,2,0.333
842,4,Competitive,ex-RAPTORS EC,1401.84,0.7374698281982108,0.0799999999999272,1,0,1,0.0
843,4,Competitive,eSuba,1401.76,0.7372805149320839,0.2300000000000182,7,2,5,0.286
844,4,Competitive,Exsto,1401.53,0.7367362392919683,0.3299999999999272,1,0,1,0.0
845,4,Competitive,Infamous,1401.2,0.7359553220691941,0.0499999999999545,1,0,1,0.0
846,4,Competitive,O PLANO,1401.15,0.7358370012778648,0.1000000000001364,1,0,1,0.0
847,4,Competitive,VitaPLUR,1401.05,0.7356003596952055,0.0499999999999545,1,0,1,0.0
848,4,Competitive,AK BARS,1401.0,0.7354820389038762,0.2000000000000454,1,0,1,0.0
849,4,Competitive,finshhh,1400.8,0.7350087557385583,0.0099999999999909,1,0,1,0.0
850,4,Competitive,SIXSEVEN,1400.79,0.7349850915802925,1.1199999999998909,2,0,2,0.0
851,4,Competitive,Zingaro,1399.67,0.732334705854513,0.2100000000000363,2,0,2,0.0
852,4,Competitive,Trainwrecks,1399.46,0.7318377585309291,0.3600000000001273,3,1,2,0.333
853,4,Competitive,Little Bocks,1399.1,0.7309858488333568,0.0299999999999727,1,0,1,0.0
854,4,Competitive,Victus,1399.07,0.7309148563585592,0.1899999999998272,1,0,1,0.0
855,4,Competitive,Illuminar,1398.88,0.7304652373515077,0.5300000000002001,7,2,5,0.286
856,4,Competitive,Brave Bears,1398.35,0.729211036963415,0.1999999999998181,1,0,1,0.0
857,4,Competitive,ex-Marsborne,1398.15,0.7287377537980977,0.0400000000001909,1,0,1,0.0
858,4,Competitive,Unjustified fe,1398.11,0.7286430971650336,0.0799999999999272,1,0,1,0.0
859,4,Competitive,LGR,1398.03,0.7284537838989067,0.1399999999998726,1,0,1,0.0
860,4,Competitive,Akimbo,1397.89,0.7281224856831845,0.0700000000001637,11,3,8,0.273
861,4,Competitive,SPORT,1397.82,0.7279568365753228,0.7699999999999818,1,0,1,0.0
862,4,Competitive,TBD-PL,1397.05,0.7261346963888493,0.1499999999998635,1,0,1,0.0
863,4,Competitive,Zorka Future,1396.9,0.7257797340148613,0.0400000000001909,1,0,1,0.0
864,4,Competitive,Black Mold,1396.86,0.7256850773817973,0.3099999999999454,1,0,1,0.0
865,4,Competitive,Grindas,1396.55,0.7249514884755548,0.0499999999999545,1,0,1,0.0
866,4,Competitive,RATIO'D,1396.5,0.7248331676842255,0.0099999999999909,1,0,1,0.0
867,4,Competitive,Midnight,1396.49,0.7248095035259596,0.1099999999998999,1,0,1,0.0
868,4,Competitive,JANO,1396.38,0.724549197785035,0.0100000000002182,5,1,4,0.2
869,4,Competitive,train launcher,1396.37,0.7245255336267686,0.3399999999999181,8,3,5,0.375
870,4,Competitive,FlyQuest RED,1396.03,0.7237209522457285,0.2899999999999636,26,11,15,0.423
871,4,Competitive,wwaves,1395.74,0.7230346916560179,0.0599999999999454,1,0,1,0.0
872,4,Competitive,Fragging for Andy,1395.68,0.7228927067064226,0.0800000000001546,1,0,1,0.0
873,4,Competitive,Cryptova,1395.6,0.7227033934402951,0.0799999999999272,1,0,1,0.0
874,4,Competitive,CTNex,1395.52,0.7225140801741682,0.3199999999999363,2,0,2,0.0
875,4,Competitive,Imp Pact fe,1395.2,0.7217568271096598,0.2200000000000272,1,0,1,0.0
876,4,Competitive,BERG,1394.98,0.7212362156278102,0.0399999999999636,15,6,9,0.4
877,4,Competitive,RVNS,1394.94,0.7211415589947467,0.3400000000001455,1,0,1,0.0
878,4,Competitive,RKON,1394.6,0.7203369776137061,0.0599999999999454,4,2,2,0.5
879,4,Competitive,panelinha,1394.54,0.7201949926641109,0.1099999999998999,1,0,1,0.0
880,4,Competitive,Overtake Sector,1394.43,0.7199346869231863,0.4000000000000909,11,4,7,0.364
881,4,Competitive,NLG,1394.03,0.7189881205925505,0.0099999999999909,1,0,1,0.0
882,4,Competitive,hREDS,1394.02,0.7189644564342846,0.0699999999999363,1,0,1,0.0
883,4,Competitive,MAXXPOWER,1393.95,0.7187988073264235,0.0499999999999545,2,0,2,0.0
884,4,Competitive,maquinas,1393.9,0.7186804865350942,0.0600000000001728,2,0,2,0.0
885,4,Competitive,WYDO,1393.84,0.7185385015854985,0.5499999999999545,1,0,1,0.0
886,4,Competitive,163NEWS,1393.29,0.7172369728808745,0.3399999999999181,2,0,2,0.0
887,4,Competitive,Oilers,1392.95,0.7164323914998345,0.7699999999999818,1,0,1,0.0
888,4,Competitive,Bad Luck,1392.18,0.714610251313361,0.0700000000001637,4,1,3,0.25
889,4,Competitive,mew,1392.11,0.7144446022054993,0.0099999999999909,1,0,1,0.0
890,4,Competitive,fullw,1392.1,0.7144209380472335,0.0599999999999454,2,0,2,0.0
891,4,Competitive,Old Guys Club,1392.1,0.7144209380472335,0.0,1,0,1,0.0
892,4,Competitive,RTT100,1392.04,0.7142789530976382,0.0199999999999818,2,0,2,0.0
893,4,Competitive,flacons,1392.02,0.7142316247811065,0.0,2,0,2,0.0
894,4,Competitive,AimerLegion,1392.02,0.7142316247811065,0.5299999999999727,1,0,1,0.0
895,4,Competitive,Messitas,1391.49,0.7129774243930144,0.0399999999999636,1,0,1,0.0
896,4,Competitive,aAa,1391.45,0.7128827677599509,0.3500000000001364,17,4,13,0.235
897,4,Competitive,OldBoys FR,1391.1,0.7120545222206444,0.1699999999998453,1,0,1,0.0
898,4,Competitive,Final Feature,1390.93,0.7116522315301247,0.3700000000001182,1,0,1,0.0
899,4,Competitive,KR,1390.93,0.7116522315301247,0.0,1,0,1,0.0
900,4,Competitive,COVEN,1390.56,0.7107766576742864,0.3999999999998636,1,0,1,0.0
901,4,Competitive,Reactor 9,1390.16,0.7098300913436512,0.0500000000001819,3,0,3,0.0
902,4,Competitive,Heimo,1390.11,0.7097117705523213,0.349999999999909,1,0,1,0.0
903,4,Competitive,ex-Divina fe,1389.76,0.7088835250130153,0.0699999999999363,1,0,1,0.0
904,4,Competitive,Sissi State Punks,1389.69,0.7087178759051542,0.6200000000001182,3,1,2,0.333
905,4,Competitive,LastWind,1389.07,0.7072506980926687,0.5799999999999272,1,0,1,0.0
906,4,Competitive,EMPIRE,1388.49,0.7058781769132473,0.0099999999999909,11,4,7,0.364
907,4,Competitive,BUFF3D UP,1388.48,0.7058545127549813,0.1500000000000909,1,0,1,0.0
908,4,Competitive,eternal premium,1388.33,0.7054995503809928,0.1199999999998908,31,12,19,0.387
909,4,Competitive,Drama,1388.21,0.7052155804818023,0.0299999999999727,6,1,5,0.167
910,4,Competitive,Orion,1388.18,0.7051445880070047,0.25,1,0,1,0.0
911,4,Competitive,MASSIVEimpact,1387.93,0.7045529840503575,0.1600000000000818,1,0,1,0.0
912,4,Competitive,Mc,1387.77,0.7041743575181031,0.2400000000000091,2,0,2,0.0
913,4,Competitive,Totsugeki,1387.53,0.7036064177197217,0.099999999999909,1,0,1,0.0
914,4,Competitive,Chimera,1387.43,0.703369776137063,0.0499999999999545,2,0,2,0.0
915,4,Competitive,Mai Tai,1387.38,0.7032514553457336,0.3600000000001273,26,8,18,0.308
916,4,Competitive,Post Mortem,1387.02,0.7023995456481613,0.1600000000000818,1,0,1,0.0
917,4,Competitive,NC,1386.86,0.7020209191159068,0.6099999999999,2,0,2,0.0
918,4,Competitive,1WIN NA,1386.86,0.7020209191159068,0.0,1,0,1,0.0
919,4,Competitive,ex-CLG Red,1386.25,0.7005774054616878,0.5599999999999454,1,0,1,0.0
920,4,Competitive,XDM,1385.69,0.699252212598798,0.1800000000000636,2,0,2,0.0
921,4,Competitive,Disconnected,1385.51,0.6988262577500118,0.2000000000000454,1,0,1,0.0
922,4,Competitive,NIC,1385.31,0.6983529745846939,0.1699999999998453,3,0,3,0.0
923,4,Competitive,NA savers,1385.14,0.6979506838941741,0.2400000000000091,1,0,1,0.0
924,4,Competitive,WG Bandits,1384.9,0.6973827440957927,0.0800000000001546,1,0,1,0.0
925,4,Competitive,Take Charge,1384.82,0.6971934308296652,0.0399999999999636,1,0,1,0.0
926,4,Competitive,REIGN,1384.78,0.6970987741966018,0.2899999999999636,1,0,1,0.0
927,4,Competitive,DUSTY,1384.49,0.696412513606891,0.1900000000000545,2,0,2,0.0
928,4,Competitive,Cherry Bombs,1384.3,0.695962894599839,0.0199999999999818,1,0,1,0.0
929,4,Competitive,GODSENT fe,1384.28,0.6959155662833072,0.0499999999999545,1,0,1,0.0
930,4,Competitive,AVANGAR,1384.23,0.6957972454919779,0.0899999999999181,1,0,1,0.0
931,4,Competitive,Cafeina,1384.14,0.6955842680675851,0.0099999999999909,1,0,1,0.0
932,4,Competitive,A FUNDAÇÃO,1384.13,0.6955606039093192,0.3900000000001,2,0,2,0.0
933,4,Competitive,levelONE,1383.74,0.6946377017369493,0.0299999999999727,2,0,2,0.0
934,4,Competitive,SENZA,1383.71,0.6945667092621517,0.1600000000000818,2,0,2,0.0
935,4,Competitive,ex-Eternal Fire,1383.55,0.6941880827298972,0.8899999999998727,1,0,1,0.0
936,4,Competitive,DNA,1382.66,0.6920819726442332,1.050000000000182,1,0,1,0.0
937,4,Competitive,cleanup crew fe,1381.61,0.6895972360263143,0.0099999999999909,1,0,1,0.0
938,4,Competitive,Valence,1381.6,0.6895735718680485,0.0499999999999545,1,0,1,0.0
939,4,Competitive,It's a Secret,1381.55,0.6894552510767191,0.2100000000000363,2,0,2,0.0
940,4,Competitive,NomadS,1381.34,0.6889583037531353,0.0899999999999181,15,3,12,0.2
941,4,Competitive,Parabellum fe,1381.25,0.6887453263287425,0.2599999999999909,1,0,1,0.0
942,4,Competitive,Hyperion,1380.99,0.6881300582138293,0.0099999999999909,1,0,1,0.0
943,4,Competitive,BlackBelt,1380.98,0.6881063940555635,0.0299999999999727,2,0,2,0.0
944,4,Competitive,MAZRAEA,1380.95,0.6880354015807659,0.1100000000001273,2,0,2,0.0
945,4,Competitive,RUSH,1380.84,0.6877750958398408,0.0199999999999818,2,0,2,0.0
946,4,Competitive,mocreias,1380.82,0.6877277675233091,0.5499999999999545,1,0,1,0.0
947,4,Competitive,Tsunami Sirens,1380.27,0.6864262388186851,0.0599999999999454,1,0,1,0.0
948,4,Competitive,NorVa's Last Peek,1380.21,0.68628425386909,0.1000000000001364,1,0,1,0.0
949,4,Competitive,Dripmen,1380.11,0.6860476122864307,0.5899999999999181,11,3,8,0.273
950,4,Competitive,Arcade,1379.52,0.6846514269487434,0.0599999999999454,62,23,39,0.371
951,4,Competitive,Antic,1379.46,0.6845094419991482,0.1200000000001182,1,0,1,0.0
952,4,Competitive,Kungar,1379.34,0.6842254720999572,0.0099999999999909,1,0,1,0.0
953,4,Competitive,Supernova Comets,1379.33,0.6842018079416914,0.0799999999999272,2,0,2,0.0
954,4,Competitive,ImmuNe,1379.25,0.6840124946755644,0.0399999999999636,1,0,1,0.0
955,4,Competitive,Crashers,1379.21,0.683917838042501,0.0499999999999545,35,10,25,0.286
956,4,Competitive,XCLAN,1379.16,0.6837995172511716,0.8500000000001364,2,0,2,0.0
957,4,Competitive,FUT Turkuaz,1378.31,0.6817880637985706,0.1199999999998908,2,0,2,0.0
958,4,Competitive,Money Crew,1378.19,0.6815040938993802,0.0299999999999727,5,1,4,0.2
959,4,Competitive,Diamant,1378.16,0.6814331014245826,0.7400000000000091,9,3,6,0.333
960,4,Competitive,Kidisgraça,1377.42,0.6796819537129066,0.1100000000001273,1,0,1,0.0
961,4,Competitive,DEAC,1377.31,0.6794216479719816,0.7200000000000273,1,0,1,0.0
962,4,Competitive,Ghost,1376.59,0.6777178285768374,0.0599999999999454,11,4,7,0.364
963,4,Competitive,Muttley Crew,1376.53,0.6775758436272421,0.0499999999999545,1,0,1,0.0
964,4,Competitive,Vael,1376.48,0.6774575228359128,0.4100000000000818,2,0,2,0.0
965,4,Competitive,Giant Pandas,1376.07,0.6764872923470111,1.6499999999998636,2,0,2,0.0
966,4,Competitive,Toronto,1374.42,0.6725827062331394,0.2000000000000454,1,0,1,0.0
967,4,Competitive,Zeste,1374.22,0.6721094230678215,0.25,2,0,2,0.0
968,4,Competitive,METANOIA,1373.97,0.6715178191111743,0.0299999999999727,3,0,3,0.0
969,4,Competitive,Hacha,1373.94,0.6714468266363767,0.2300000000000182,1,0,1,0.0
970,4,Competitive,boosters,1373.71,0.6709025509962612,0.0099999999999909,2,0,2,0.0
971,4,Competitive,beznegativa,1373.7,0.6708788868379952,0.2899999999999636,2,0,2,0.0
972,4,Competitive,JERSA,1373.41,0.6701926262482846,0.1200000000001182,1,0,1,0.0
973,4,Competitive,Nordic Valor,1373.29,0.6699086563490936,0.6299999999998818,1,0,1,0.0
974,4,Competitive,Insiders,1372.66,0.6684178143783428,0.1400000000001,2,0,2,0.0
975,4,Competitive,Marca Registrada,1372.52,0.66808651616262,0.1399999999998726,1,0,1,0.0
976,4,Competitive,Blahaj,1372.38,0.6677552179468978,0.3500000000001364,1,0,1,0.0
977,4,Competitive,Yoru,1372.03,0.6669269724075914,0.2999999999999545,2,0,2,0.0
978,4,Competitive,Amped,1371.73,0.6662170476596148,0.6900000000000546,1,0,1,0.0
979,4,Competitive,DH Premium,1371.04,0.6645842207392683,1.2899999999999636,1,0,1,0.0
980,4,Competitive,100RA,1369.75,0.6615315443229685,1.1700000000000728,2,0,2,0.0
981,4,Competitive,Housebets,1368.58,0.6587628378058591,1.1299999999998818,1,0,1,0.0
982,4,Competitive,ex-CSDIILIT,1367.45,0.6560887879218137,0.5099999999999909,2,0,2,0.0
983,4,Competitive,COPH9K,1366.94,0.6548819158502533,0.0299999999999727,1,0,1,0.0
984,4,Competitive,ABT,1366.91,0.6548109233754558,0.1900000000000545,2,0,2,0.0
985,4,Competitive,Lilmix,1366.72,0.6543613043684037,0.0699999999999363,102,31,71,0.304
986,4,Competitive,bullpeek,1366.65,0.6541956552605426,0.4700000000000273,1,0,1,0.0
987,4,Competitive,Green Tea Party,1366.18,0.6530834398220456,0.0600000000001728,1,0,1,0.0
988,4,Competitive,FIGHTERS,1366.12,0.6529414548724499,0.3699999999998908,1,0,1,0.0
989,4,Competitive,Minkens finest,1365.75,0.6520658810166122,1.25,3,0,3,0.0
990,4,Competitive,BIG EQUIPA,1364.5,0.6491078612333759,0.0,5,1,4,0.2
991,4,Competitive,Fresh Food People,1364.5,0.6491078612333759,0.1300000000001091,1,0,1,0.0
992,4,Competitive,Persona Grata,1364.37,0.6488002271759191,0.0499999999999545,2,0,2,0.0
993,4,Competitive,Abyss,1364.32,0.6486819063845898,0.1399999999998726,1,0,1,0.0
994,4,Competitive,SINQU,1364.18,0.6483506081688676,0.2999999999999545,23,6,17,0.261
995,4,Competitive,nomix,1363.88,0.647640683420891,1.400000000000091,2,0,2,0.0
996,4,Competitive,Divina fe,1362.48,0.6443277012636661,0.0399999999999636,3,1,2,0.333
997,4,Competitive,iM Apartments,1362.44,0.6442330446306026,1.160000000000082,1,0,1,0.0
998,4,Competitive,Blazing Beavers,1361.28,0.6414880022717592,0.1700000000000727,2,0,2,0.0
999,4,Competitive,Orion Wanderers,1361.11,0.6410857115812388,0.1199999999998908,2,0,2,0.0
1000,4,Competitive,Impulse GW,1360.99,0.6408017416820484,0.5,3,0,3,0.0
1001,4,Competitive,Desi Boyz,1360.49,0.6396185337687539,0.0399999999999636,1,0,1,0.0
1002,4,Competitive,JUMBO,1360.45,0.6395238771356904,0.2200000000000272,7,1,6,0.143
1003,4,Competitive,Brazen,1360.23,0.6390032656538407,0.349999999999909,2,0,2,0.0
1004,4,Competitive,FLUFFY AIMERS,1359.88,0.6381750201145348,0.1400000000001,2,0,2,0.0
1005,4,Competitive,Meta,1359.74,0.6378437218988121,0.9800000000000182,2,0,2,0.0
1006,4,Competitive,Skele,1358.76,0.6355246343887547,0.0299999999999727,12,3,9,0.25
1007,4,Competitive,101EST,1358.73,0.6354536419139571,1.1200000000001182,1,0,1,0.0
1008,4,Competitive,Blitz,1357.61,0.6328032561881771,0.0799999999999272,1,0,1,0.0
1009,4,Competitive,Festina Lente,1357.53,0.6326139429220502,0.2000000000000454,2,0,2,0.0
1010,4,Competitive,Dhala,1357.33,0.6321406597567323,1.0299999999999727,2,0,2,0.0
1011,4,Competitive,WINDINGO,1356.3,0.6297032514553457,0.7799999999999727,2,0,2,0.0
1012,4,Competitive,Full House,1355.52,0.6278574471106062,0.2899999999999636,1,0,1,0.0
1013,4,Competitive,WeClear,1355.23,0.6271711865208955,0.1400000000001,1,0,1,0.0
1014,4,Competitive,WiLD,1355.09,0.6268398883051728,0.2999999999999545,2,0,2,0.0
1015,4,Competitive,winstonblue,1354.79,0.6261299635571962,0.2899999999999636,1,0,1,0.0
1016,4,Competitive,Nordic Partners,1354.5,0.6254437029674854,0.1400000000001,3,0,3,0.0
1017,4,Competitive,NineFly,1354.36,0.6251124047517628,0.8099999999999454,1,0,1,0.0
1018,4,Competitive,MARKandLARRY,1353.55,0.6231956079322257,0.4800000000000182,8,2,6,0.25
1019,4,Competitive,AGA,1353.07,0.622059728335463,0.3199999999999363,1,0,1,0.0
1020,4,Competitive,Straight2Killin,1352.75,0.6213024752709546,0.1099999999998999,3,0,3,0.0
1021,4,Competitive,Spirit HU,1352.64,0.6210421695300301,0.3300000000001546,9,3,6,0.333
1022,4,Competitive,NOMERCY,1352.31,0.6202612523072553,0.0199999999999818,4,0,4,0.0
1023,4,Competitive,Phoenix,1352.29,0.6202139239907236,0.6099999999999,7,1,6,0.143
1024,4,Competitive,8Sins,1351.68,0.6187704103365045,0.4700000000000273,7,2,5,0.286
1025,4,Competitive,Demolition,1351.21,0.6176581948980076,0.5199999999999818,1,0,1,0.0
1026,4,Competitive,777,1350.69,0.6164276586681813,0.0599999999999454,11,3,8,0.273
1027,4,Competitive,NuTorious,1350.63,0.6162856737185861,0.0300000000002,29,9,20,0.31
1028,4,Competitive,ZEVS,1350.6,0.616214681243788,0.4399999999998272,2,0,2,0.0
1029,4,Competitive,Kinoa,1350.16,0.6151734582800892,0.7599999999999909,2,0,2,0.0
1030,4,Competitive,LFO 7,1349.4,0.6133749822518815,0.1300000000001091,1,0,1,0.0
1031,4,Competitive,Shimmer,1349.27,0.6130673481944247,0.3399999999999181,88,44,44,0.5
1032,4,Competitive,megoshort,1348.93,0.6122627668133847,0.0800000000001546,44,11,33,0.25
1033,4,Competitive,Dark Tigers,1348.85,0.6120734535472571,0.5399999999999636,2,0,2,0.0
1034,4,Competitive,boomer demons,1348.31,0.6107955890008991,0.849999999999909,3,0,3,0.0
1035,4,Competitive,Players,1347.46,0.6087841355482986,0.0299999999999727,15,4,11,0.267
1036,4,Competitive,Wanted Goons,1347.43,0.608713143073501,0.7599999999999909,71,26,45,0.366
1037,4,Competitive,Celestial,1346.67,0.6069146670452934,0.8000000000001819,1,0,1,0.0
1038,4,Competitive,The Quest,1345.87,0.6050215343840217,1.25,2,0,2,0.0
1039,4,Competitive,FOKUS REALITY,1344.62,0.6020635146007854,1.0199999999999818,3,0,3,0.0
1040,4,Competitive,Reign Above,1343.6,0.5996497704576647,0.3999999999998636,12,2,10,0.167
1041,4,Competitive,500 Rush,1343.2,0.5987032041270293,0.2999999999999545,2,0,2,0.0
1042,4,Competitive,Young TigeRES,1342.9,0.5979932793790527,0.0300000000002,5,1,4,0.2
1043,4,Competitive,QueenConso,1342.87,0.5979222869042545,0.4099999999998545,2,0,2,0.0
1044,4,Competitive,Invicta,1342.46,0.5969520564153534,0.4000000000000909,3,1,2,0.333
1045,4,Competitive,EXSAD,1342.06,0.5960054900847176,0.0099999999999909,3,0,3,0.0
1046,4,Competitive,ClayMakers,1342.05,0.5959818259264517,0.2200000000000272,3,0,3,0.0
1047,4,Competitive,FoxHound,1341.83,0.595461214444602,1.3999999999998636,2,0,2,0.0
1048,4,Competitive,EGOISTO,1340.43,0.5921482322873777,0.0700000000001637,3,0,3,0.0
1049,4,Competitive,ADN,1340.36,0.591982583179516,0.6799999999998363,2,0,2,0.0
1050,4,Competitive,Exilium,1339.68,0.5903734204174359,0.4300000000000636,2,0,2,0.0
1051,4,Competitive,X7,1339.25,0.5893558616120025,0.3900000000001,3,0,3,0.0
1052,4,Competitive,neXtPlease!,1338.86,0.5884329594396325,0.2799999999999727,2,0,2,0.0
1053,4,Competitive,Universe,1338.58,0.5877703630081876,0.2200000000000272,2,0,2,0.0
1054,4,Competitive,Brahmas,1338.36,0.587249751526338,0.349999999999909,3,1,2,0.333
1055,4,Competitive,Procyon,1338.01,0.586421505987032,1.089999999999918,81,30,51,0.37
1056,4,Competitive,SAAB,1336.92,0.5838421127360501,0.4900000000000091,2,0,2,0.0
1057,4,Competitive,Z7,1336.43,0.5826825689810214,1.4700000000000273,3,0,3,0.0
1058,4,Competitive,LA MASIA,1334.96,0.5792039377159355,0.2000000000000454,2,0,2,0.0
1059,4,Competitive,Surge,1334.76,0.5787306545506176,0.4000000000000909,3,0,3,0.0
1060,4,Competitive,Citronnade,1334.36,0.5777840882199817,0.4399999999998272,1,0,1,0.0
1061,4,Competitive,Ølgod Efterskole,1333.92,0.576742865256283,0.2799999999999727,2,0,2,0.0
1062,4,Competitive,Worms,1333.64,0.5760802688248381,0.2400000000000091,2,0,2,0.0
1063,4,Competitive,FURY,1333.4,0.5755123290264568,0.3900000000001,16,3,13,0.188
1064,4,Competitive,Oatzu's Hips,1333.01,0.5745894268540868,0.1099999999998999,2,0,2,0.0
1065,4,Competitive,6666,1332.9,0.5743291211131623,1.0300000000002,9,1,8,0.111
1066,4,Competitive,DALUYONG,1331.87,0.571891712811775,0.0599999999999454,2,0,2,0.0
1067,4,Competitive,premdesant,1331.81,0.5717497278621798,0.099999999999909,3,0,3,0.0
1068,4,Competitive,RayRay,1331.71,0.5715130862795211,0.4700000000000273,3,1,2,0.333
1069,4,Competitive,INFURITY,1331.24,0.5704008708410242,0.1700000000000727,2,0,2,0.0
1070,4,Competitive,Strael Bora,1331.07,0.5699985801505039,0.9099999999998544,16,6,10,0.375
1071,4,Competitive,Aura,1330.16,0.5678451417483082,0.4300000000000636,2,0,2,0.0
1072,4,Competitive,ex-GUARA,1329.73,0.5668275829428747,0.1100000000001273,2,0,2,0.0
1073,4,Competitive,Myth,1329.62,0.5665672772019497,1.009999999999991,1,0,1,0.0
1074,4,Competitive,Luleflames,1328.61,0.5641771972170947,0.5299999999999727,2,0,2,0.0
1075,4,Competitive,Ravens,1328.08,0.5629229968290026,0.1199999999998908,2,0,2,0.0
1076,4,Competitive,Kreazion,1327.96,0.5626390269298122,1.509999999999991,2,0,2,0.0
1077,4,Competitive,Project Eversio,1326.45,0.5590657390316628,1.5499999999999543,2,0,2,0.0
1078,4,Competitive,VTM,1324.9,0.5553977945004498,0.0500000000001819,3,0,3,0.0
1079,4,Competitive,FromPR,1324.85,0.5552794737091199,0.2199999999997999,3,0,3,0.0
1080,4,Competitive,NtK,1324.63,0.5547588622272708,1.240000000000009,2,0,2,0.0
1081,4,Competitive,DNK,1323.39,0.5518245066023004,0.3300000000001546,4,1,3,0.25
1082,4,Competitive,MAGICOS,1323.06,0.5510435893795256,0.25,18,6,12,0.333
1083,4,Competitive,Voracity,1322.81,0.5504519854228783,2.119999999999891,1,0,1,0.0
1084,4,Competitive,DXA,1320.69,0.5454351838705098,0.6600000000000819,87,29,58,0.333
1085,4,Competitive,Linx Legacy,1320.03,0.5438733494249609,0.4200000000000727,2,0,2,0.0
1086,4,Competitive,Julie&Cie,1319.61,0.5428794547777933,0.3299999999999272,12,3,9,0.25
1087,4,Competitive,IDoPieca,1319.28,0.5420985375550191,0.9400000000000546,5,0,5,0.0
1088,4,Competitive,Ding Cuts,1318.34,0.5398741066780253,1.1199999999998909,11,3,8,0.273
1089,4,Competitive,Privateer,1317.22,0.5372237209522458,0.1800000000000636,13,4,9,0.308
1090,4,Competitive,Eruption,1317.04,0.5367977661034596,0.1900000000000545,9,1,8,0.111
1091,4,Competitive,Red Feet,1316.85,0.5363481470964075,0.2199999999997999,16,6,10,0.375
1092,4,Competitive,LAGUNA,1316.63,0.5358275356145584,0.6200000000001182,2,0,2,0.0
1093,4,Competitive,mindshock,1316.01,0.5343603578020729,0.7799999999999727,2,0,2,0.0
1094,4,Competitive,The Suspect,1315.23,0.5325145534573336,0.4300000000000636,2,0,2,0.0
1095,4,Competitive,DAMAJUANA,1314.8,0.5314969946519001,0.7100000000000364,2,0,2,0.0
1096,4,Competitive,Eternal 21,1314.09,0.5298168394150218,0.9199999999998454,2,0,2,0.0
1097,4,Competitive,gang albanii,1313.17,0.5276397368545602,1.6000000000001364,2,0,2,0.0
1098,4,Competitive,OlyBet,1311.57,0.5238534715320174,0.75,57,17,40,0.298
1099,4,Competitive,A Great Chaos,1310.82,0.5220786596620757,0.2799999999999727,3,0,3,0.0
1100,4,Competitive,LE-LUX,1310.54,0.5214160632306308,0.7899999999999636,2,0,2,0.0
1101,4,Competitive,SNOGARD Dragons,1309.75,0.5195465947276255,0.2899999999999636,2,0,2,0.0
1102,4,Competitive,ZOTIX,1309.46,0.5188603341379148,1.3299999999999272,3,0,3,0.0
1103,4,Competitive,GRINGOS,1308.13,0.5157130010885516,0.790000000000191,4,0,4,0.0
1104,4,Competitive,ODDIK Academy,1307.34,0.5138435325855457,0.1299999999998817,10,2,8,0.2
1105,4,Competitive,KHAN,1307.21,0.5135358985280895,3.380000000000109,3,0,3,0.0
1106,4,Competitive,Arise,1303.83,0.5055374130342182,0.3899999999998726,4,0,4,0.0
1107,4,Competitive,Flying Angels,1303.44,0.5046145108618487,0.9300000000000636,3,0,3,0.0
1108,4,Competitive,METANOIA Wolves,1302.51,0.5024137441431208,0.25,51,17,34,0.333
1109,4,Competitive,X13,1302.26,0.5018221401864735,0.2799999999999727,2,0,2,0.0
1110,4,Competitive,Finishers,1301.98,0.5011595437550287,0.1800000000000636,2,0,2,0.0
1111,4,Competitive,Haemus,1301.8,0.5007335889062424,1.6499999999998636,3,0,3,0.0
1112,4,Competitive,SINQU REHTI,1300.15,0.49682900279237086,0.8800000000001091,5,1,4,0.2
1113,4,Competitive,Younglings,1299.27,0.49474655686497226,1.8599999999999,4,0,4,0.0
1114,4,Competitive,VRSoholics,1297.41,0.49034502342751685,0.0600000000001728,3,0,3,0.0
1115,4,Competitive,Avanti,1297.35,0.4902030384779211,0.4699999999997999,6,0,6,0.0
1116,4,Competitive,Vandulken,1296.88,0.48909082303942475,0.2700000000002092,2,0,2,0.0
1117,4,Competitive,anything else,1296.61,0.4884518907662452,0.3999999999998636,5,1,4,0.2
1118,4,Competitive,ROUNDS,1296.21,0.4875053244356099,1.1000000000001364,29,8,21,0.276
1119,4,Competitive,LUNA,1295.11,0.48490226702636163,0.0399999999999636,3,0,3,0.0
1120,4,Competitive,girl kissers,1295.07,0.4848076103932981,0.7100000000000364,2,0,2,0.0
1121,4,Competitive,LFO 6,1294.36,0.4831274551564198,0.0399999999999636,2,0,2,0.0
1122,4,Competitive,Nouns fe,1294.32,0.48303279852335634,0.3099999999999454,2,0,2,0.0
1123,4,Competitive,Squared,1294.01,0.48229920961711387,0.2400000000000091,2,0,2,0.0
1124,4,Competitive,Banda Chuya,1293.77,0.4817312698187325,0.4400000000000545,2,0,2,0.0
1125,4,Competitive,dJ uNT frIENDS,1293.33,0.4806900468550332,0.6899999999998272,2,0,2,0.0
1126,4,Competitive,Zealous,1292.64,0.47905721993468714,0.0900000000001455,3,0,3,0.0
1127,4,Competitive,Banger Gang,1292.55,0.4788442425102938,0.3799999999998817,2,0,2,0.0
1128,4,Competitive,Sashi Academy,1292.17,0.4779450044961902,0.2799999999999727,14,3,11,0.214
1129,4,Competitive,GAMEHARMONY,1291.89,0.47728240806474537,0.0200000000002091,4,0,4,0.0
1130,4,Competitive,premghouls,1291.87,0.47723507974821305,0.3099999999999454,3,0,3,0.0
1131,4,Competitive,R2,1291.56,0.4765014908419706,0.4400000000000545,21,6,15,0.286
1132,4,Competitive,showmakerz,1291.12,0.4754602678782713,0.2999999999999545,2,0,2,0.0
1133,4,Competitive,Beyond Limits,1290.82,0.4747503431302947,0.4700000000000273,6,1,5,0.167
1134,4,Competitive,Dusty Roses,1290.35,0.47363812769179775,0.349999999999909,2,0,2,0.0
1135,4,Competitive,Quem Sao Elas,1290.0,0.4728098821524918,0.3699999999998908,2,0,2,0.0
1136,4,Competitive,AIRLYA,1289.63,0.4719343082966541,0.2300000000000182,3,0,3,0.0
1137,4,Competitive,KG fe,1289.4,0.4713900326565386,0.0199999999999818,2,0,2,0.0
1138,4,Competitive,Y5,1289.38,0.47134270434000686,1.040000000000191,3,0,3,0.0
1139,4,Competitive,Fuego,1288.34,0.4688816318803538,0.2799999999999727,4,0,4,0.0
1140,4,Competitive,raisedbypixels,1288.06,0.4682190354489089,0.2999999999999545,2,0,2,0.0
1141,4,Competitive,AimAssasins,1287.76,0.4675091107009323,0.0399999999999636,2,0,2,0.0
1142,4,Competitive,The Boys,1287.72,0.46741445406786886,1.25,2,0,2,0.0
1143,4,Competitive,BA 2,1286.47,0.4644564342846325,0.3900000000001,3,0,3,0.0
1144,4,Competitive,Sangal Academy,1286.08,0.46353353211226256,0.0,4,0,4,0.0
1145,4,Competitive,OverKnight,1286.08,0.46353353211226256,2.5299999999999727,8,2,6,0.25
1146,4,Competitive,byte,1283.55,0.45754650007099235,0.2999999999999545,2,0,2,0.0
1147,4,Competitive,Dark Moon,1283.25,0.45683657532301575,0.8800000000001091,7,1,6,0.143
1148,4,Competitive,Masked Regime,1282.37,0.4547541293956171,0.6899999999998272,2,0,2,0.0
1149,4,Competitive,Atrix,1281.68,0.45312130247527105,0.5800000000001546,49,20,29,0.408
1150,4,Competitive,Ascend,1281.1,0.45174878129584906,0.2400000000000091,5,0,5,0.0
1151,4,Competitive,Gatorian,1280.86,0.4511808414974677,1.9799999999997908,3,0,3,0.0
1152,4,Competitive,HAVENs,1278.88,0.4464953381608218,1.3700000000001182,2,0,2,0.0
1153,4,Competitive,Floripa Stars,1277.51,0.4432533484783946,0.4500000000000455,3,0,3,0.0
1154,4,Competitive,CHAOS,1277.06,0.4421884613564294,1.240000000000009,4,0,4,0.0
1155,4,Competitive,ex-KRÜ,1275.82,0.43925410573145895,1.099999999999909,24,6,18,0.25
1156,4,Competitive,Wave,1274.72,0.4366510483222112,0.6100000000001273,5,1,4,0.2
1157,4,Competitive,Sidequest,1274.11,0.4352075346679916,0.5399999999999636,3,0,3,0.0
1158,4,Competitive,Boys N Da HUD,1273.57,0.4339296701216336,0.599999999999909,4,0,4,0.0
1159,4,Competitive,Qual4,1272.97,0.4325098206256804,0.25,4,0,4,0.0
1160,4,Competitive,ELITES,1272.72,0.43191821666903313,1.0599999999999454,3,0,3,0.0
1161,4,Competitive,LITE,1271.66,0.4294098158928489,3.630000000000109,5,0,5,0.0
1162,4,Competitive,Winners,1268.03,0.42081972644233034,0.9600000000000364,4,0,4,0.0
1163,4,Competitive,XI,1267.07,0.4185479672488048,1.6099999999999,7,1,6,0.143
1164,4,Competitive,Blitzkrieg,1265.46,0.4147380377679966,2.2799999999999727,21,7,14,0.333
1165,4,Competitive,Fortress,1263.18,0.40934260968337366,3.1700000000000728,21,5,16,0.238
1166,4,Competitive,BBBMBCBS,1260.01,0.40184107151308623,1.3099999999999454,5,0,5,0.0
1167,4,Competitive,95 Vikings,1258.7,0.39874106678025467,1.8700000000001185,2,0,2,0.0
1168,4,Competitive,Vantage,1256.83,0.3943158691845329,1.2300000000000182,16,5,11,0.312
1169,4,Competitive,GUARA,1255.6,0.39140517771782835,0.8399999999999181,19,5,14,0.263
1170,4,Competitive,Citron,1254.76,0.3894173884234937,0.4100000000000818,3,0,3,0.0
1171,4,Competitive,Canon Event,1254.35,0.388447157934592,0.1399999999998726,2,0,2,0.0
1172,4,Competitive,THE UNIT,1254.21,0.38811585971886986,2.130000000000109,10,2,8,0.2
1173,4,Competitive,AKA HERO KAJO,1252.08,0.3830753940082349,0.4299999999998363,3,0,3,0.0
1174,4,Competitive,KUUSAMO,1251.65,0.382057835202802,0.0800000000001546,11,3,8,0.273
1175,4,Competitive,atputies,1251.57,0.38186852193667453,0.3999999999998636,10,1,9,0.1
1176,4,Competitive,W7M fe,1251.17,0.3809219556060392,1.5299999999999727,5,1,4,0.2
1177,4,Competitive,Hermine,1249.64,0.37730133939135807,0.5800000000001546,3,0,3,0.0
1178,4,Competitive,Limitless Angels,1249.06,0.375928818211936,0.4800000000000182,3,0,3,0.0
1179,4,Competitive,seoul,1248.58,0.37479293861517327,2.0799999999999272,2,0,2,0.0
1180,4,Competitive,MEIA NOITE,1246.5,0.36987079369586817,3.839999999999918,5,1,4,0.2
1181,4,Competitive,PEAK fe,1242.66,0.36078375692176645,1.1000000000001364,3,0,3,0.0
1182,4,Competitive,Aimhaus,1241.56,0.3581806995125182,0.8199999999999363,3,0,3,0.0
1183,4,Competitive,Square Sausages,1240.74,0.3562402385347153,4.930000000000064,3,0,3,0.0
1184,4,Competitive,BeBold,1235.81,0.34457380850963115,2.3599999999999,3,0,3,0.0
1185,4,Competitive,Charrados,1233.45,0.3389890671588812,3.3099999999999454,7,1,6,0.143
1186,4,Competitive,CTRL,1230.14,0.3311562307728716,0.3200000000001637,6,1,5,0.167
1187,4,Competitive,Washington,1229.82,0.3303989777083627,1.1699999999998454,11,1,10,0.091
1188,4,Competitive,Vasco,1228.65,0.3276302711912539,0.3400000000001455,33,9,24,0.273
1189,4,Competitive,Saints,1228.31,0.32682568981021326,3.730000000000018,3,0,3,0.0
1190,4,Competitive,DETONATE SparX,1224.58,0.3179989587770361,3.189999999999827,3,0,3,0.0
1191,4,Competitive,UR,1221.39,0.3104500922902174,2.3500000000001364,8,0,8,0.0
1192,4,Competitive,MGLBROS,1219.04,0.3048890150977328,8.740000000000009,3,0,3,0.0
1193,4,Competitive,DUNDU,1210.3,0.2842065407733445,3.7799999999999727,5,0,5,0.0
1194,4,Competitive,Nocturnal,1206.52,0.275261488948838,0.1299999999998817,5,0,5,0.0
1195,4,Competitive,ENRAGE,1206.39,0.2749538548913817,2.0,3,0,3,0.0
1196,4,Competitive,home,1204.39,0.2702210232382036,0.2000000000000454,9,1,8,0.111
1197,4,Competitive,F5,1204.19,0.26974774007288566,2.410000000000082,14,2,12,0.143
1198,4,Competitive,Curralzinho,1201.78,0.2640446779308059,0.4100000000000818,4,0,4,0.0
1199,4,Competitive,Pugdesonesto,1201.37,0.26307444744190417,1.1799999999998363,4,0,4,0.0
1200,4,Competitive,LEO SE,1200.19,0.2602820767665295,0.3700000000001182,5,0,5,0.0
1201,4,Competitive,Sakura,1199.82,0.25940650291069123,4.309999999999945,5,0,5,0.0
1202,4,Competitive,Project 91,1195.51,0.24920725069809258,16.519999999999982,9,1,8,0.111
1203,4,Competitive,ZWAW,1178.99,0.21011406124284154,0.6300000000001091,3,0,3,0.0
1204,4,Competitive,Trouble makers,1178.36,0.20862321927209018,1.9699999999998,2,0,2,0.0
1205,4,Competitive,Underground,1176.39,0.20396138009371023,1.759999999999991,15,1,14,0.067
1206,4,Competitive,Clutchain fe,1174.63,0.19979648823891352,4.0300000000002,10,2,8,0.2
1207,4,Competitive,MTX,1170.6,0.19025983245775918,3.189999999999827,8,1,7,0.125
1208,4,Competitive,Four Magic fe,1167.41,0.18271096597094053,0.4300000000000636,5,0,5,0.0
1209,4,Competitive,CarritoSpain,1166.98,0.18169340716550708,1.7100000000000364,8,0,8,0.0
1210,4,Competitive,Game Point,1165.27,0.17764683610203974,2.509999999999991,5,0,5,0.0
1211,4,Competitive,Lotus fe,1162.76,0.17170713237730123,1.5399999999999636,6,0,6,0.0
1212,4,Competitive,ALTAY,1161.22,0.1680628520043542,10.059999999999944,11,1,10,0.091
1213,4,Competitive,Subtop De France,1151.16,0.14425670878886848,7.720000000000027,16,2,14,0.125
1214,4,Competitive,ALZON,1143.44,0.12598797860760097,10.259999999999993,10,0,10,0.0
1215,4,Competitive,EC BANGA,1133.18,0.10170855222679735,9.519999999999982,10,1,9,0.1
1216,4,Competitive,thekillaz fe,1123.66,0.07918027355766966,22.220000000000027,6,0,6,0.0
1217,4,Competitive,BOJONG,1101.44,0.026598513890860927,11.240000000000007,4,0,4,0.0
1218,4,Competitive,CAPIVARAS,1090.2,0.0,33.74000000000001,6,0,6,0.0
1219,5,Lower Competitive,HereWeGoAgain,1056.46,1.0,9.63000000000011,7,0,7,0.0
1220,5,Lower Competitive,Time Waves,1046.83,0.7726092089728429,10.399999999999864,13,0,13,0.0
1221,5,Lower Competitive,DragonClaw,1036.43,0.5270365997638734,22.32000000000005,8,0,8,0.0
1222,5,Lower Competitive,Pigeons,1014.11,0.0,0.0,13,0,13,0.0
